,Movie_id,Preformer,Gender
0,616904,Kouzou Morishita,2
1,544087,,
2,735110,Tenoch Huerta,2
3,79785,Robert Powell,2
4,653522,Vincenzo Crea,2
5,675568,William Angiuli,0
6,374565,Carlos Areces,2
7,761107,Richard Grieco,2
8,766333,Jackie Long,2
9,743496,Kevin James,2
10,612036,Rebecca Hill Casey,1
11,489926,Melissa Hargis,0
12,527280,Yuki Yamada,2
13,79694,Ashley Greene,1
14,49069,Catherine Mary Stewart,1
15,794151,Tsubasa Honda,1
16,699465,Sean Faris,2
17,181095,Will Wallace,2
18,84111,Kai Ko,2
19,482712,Vincent Lindon,2
20,43978,Massoumeh Naderi,0
21,34012,Marlon Brando,2
22,524788,Jake Stormoen,2
23,16092,Ruth Díaz,1
24,485774,Dylan Minnette,2
25,744876,Shabana Azmi,1
26,466550,Sushant Singh Rajput,2
27,13523,Josh Zuckerman,2
28,64690,Ryan Gosling,2
29,47327,Nicolas Cage,2
30,1018,Naomi Watts,1
31,46302,Leighton Meester,1
32,25571,Mark Dacascos,2
33,256092,John Cusack,2
34,13704,Corey Haim,2
35,14429,Melissa Joan Hart,1
36,630486,AJ Bowen,2
37,284286,Patricia Clarkson,1
38,47340,Ned Manning,0
39,85551,Glenn Morshower,2
40,16933,George Raft,2
41,101797,Christopher Beasley,0
42,30833,John F. Goff,2
43,39310,Sharron Corley,2
44,519168,David Warner,2
45,37087,Edmond O'Brien,2
46,668156,Demet Akbağ,1
47,339095,Edgar Ramírez,2
48,183011,Justin Chambers,2
49,384521,Gugu Mbatha-Raw,1
50,376292,Zoë Bell,1
51,502140,Neil Young,2
52,222305,Jeneta St. Clair,1
53,51239,Kevin Sorbo,2
54,410630,Mindy Heithaus,0
55,564024,John Jackson,0
56,370834,Thomas Blankenship,0
57,305570,Julian Agnew,0
58,291041,Daniel Bianchini Rodriguez,0
59,760230,Boris Lehman,2
60,647496,Jassim Al Nabhan,2
61,372728,Phe Caplan,1
62,713227,Dylan Reed,2
63,452558,Louis Koo,2
64,756956,Mars Fargo,0
65,269878,Amanda Crawford,0
66,93959,,
67,734780,Arjun Kapoor,2
68,816836,Ma Anand Sheela,1
69,158011,Halle Berry,1
70,481848,Harrison Ford,2
71,746817,Lin Shaye,1
72,388347,Max Deacon,2
73,382542,Kevin Tanski,0
74,20981,Matt Foyer,2
75,121727,John Beck,2
76,9537,John Malkovich,2
77,42759,Charlton Heston,2
78,638782,Yusuf Abdurahman,0
79,527083,Ruth Kadiri,0
80,399444,,
81,487598,Kamal Jaloqa,0
82,472418,Charli Seely,1
83,531434,,
84,532992,,
85,733420,,
86,776847,Florence Barker,0
87,820706,Amanda Burke,1
88,596204,Brené Brown,1
89,17314,Steven Seagal,2
90,23531,Amanda Peet,1
91,58793,Rebecca Gayheart,1
92,367419,,
93,524292,Judith Diakhate,1
94,648723,Andovi da Lopez,0
95,200745,Simone Frajnd,0
96,40858,Dan Duryea,2
97,748402,Hairul Azreen,2
98,180305,Frances O'Connor,1
99,271714,Erin Darke,1
100,522212,Michael B. Jordan,2
101,590164,Daniella Pineda,1
102,414001,Colin Firth,2
103,401060,James Wolk,2
104,434714,Elliot Page,3
105,26789,Richard Gere,2
106,423383,Steven Hubbell,0
107,420105,Allen Neal Jones,2
108,5247,Ellen Barkin,1
109,26916,Eric Roberts,2
110,477857,Mike Mizanin,2
111,45020,Scott Caan,2
112,690596,Cyntoia D. Brown,1
113,337073,Kane Hodder,2
114,167238,,
115,124409,Billy Blanks,2
116,36594,Stephen Rea,2
117,552950,Lily Newmark,1
118,650029,,
119,284535,,
120,429417,Andy Nyman,2
121,601643,Jhanvi Kapoor,1
122,277941,Chris Martin,2
123,259651,John Carradine,2
124,64855,Aiden Grennell,0
125,262473,,
126,518983,Nadine Garner,1
127,211993,,
128,211981,Sarah Mynett,0
129,724963,Mikiah Reinbolt,0
130,272078,Chris Martin,2
131,724352,Sukant Goel,0
132,124118,Bob Jenkins,0
133,211988,Sarah Mynett,0
134,211985,Sarah Mynett,0
135,786178,,
136,577413,Kim Newman,2
137,85012,Jennifer Tse,1
138,444307,Lu Shan,0
139,524793,Yiu-Cheung Lai,0
140,505225,Anne Hathaway,1
141,629277,Cha In-pyo,2
142,351460,Nat Wolff,2
143,51482,Keiji Fujiwara,2
144,68555,Mamoru Miyano,2
145,611063,Nat Wolff,2
146,16007,Tatsuya Fujiwara,2
147,16140,Tatsuya Fujiwara,2
148,382272,Masahiro Higashide,2
149,20329,Kenichi Matsuyama,2
150,815026,Kenji Urai,2
151,294194,,
152,628039,Chelsea Handler,1
153,612152,Brenda Song,1
154,220339,Julie Christie,1
155,582570,Marlon Wayans,2
156,346685,Emily Blunt,1
157,241261,Henry Ian Cusick,2
158,695958,Parineeti Chopra,1
159,41248,Michel Blanc,2
160,615678,Melissa McCarthy,1
161,714375,Nia Long,1
162,70267,,
163,560333,Canice Bannon,0
164,407794,Mira Sorvino,1
165,310926,Katja Woywood,1
166,802504,Yolanthe Cabau,1
167,343232,Bryan Danielson,2
168,276632,Maria Pecchioli,0
169,661747,Fulu Mugovhani,1
170,659063,Hedi Bouchenafa,2
171,563766,Massimo Ghini,2
172,275068,Dan Anderson,0
173,563355,Jed Rees,2
174,746060,Bethany Joy Lenz,1
175,241999,Briana Evigan,1
176,793850,,
177,299574,Sarah Carter,1
178,776141,Bob Hope,2
179,702061,,
180,655970,,
181,383752,,
182,574412,,
183,600700,Glenda Martes,0
184,695333,Maria Bamford,1
185,407559,Ruth Wilson,1
186,504321,Noémie Schmidt,1
187,560362,Carmen Ejogo,1
188,270019,Romaine Fielding,2
189,307250,Leo Burmester,2
190,706104,,
191,800415,Stan Nze,0
192,525701,Tien Peng,2
193,600510,Jimmy Jean-Louis,2
194,442527,María Duval,1
195,838354,Patrick Tse Yin,2
196,19848,LisaRaye McCoy,1
197,649777,Jeff Chandler,0
198,649779,Paul Sanasardo,0
199,38241,Ethan Pringle,0
200,765583,Florence Lawrence,1
201,297938,Luis Barrón,0
202,474644,Eddie Bayers,0
203,89899,Jean Dujardin,2
204,608649,Riccardo Scamarcio,2
205,200300,Eijiro Ozaki,0
206,278193,Suresh Gopi,2
207,321256,,
208,128566,Tobi Gadison Brown,0
209,357758,,
210,309454,,
211,685251,Stéphane Ragon,2
212,328835,,
213,689,Eva Kotamanidou,0
214,558687,Phillips Collins,0
215,80556,Sanjeev Kumar,2
216,705899,Barack Obama,2
217,431074,Rosie Jones,0
218,715597,,
219,689859,,
220,37276,,
221,718863,,
222,339232,,
223,756252,Jelson Bay,0
224,433249,Margaret Qualley,1
225,41110,Tilda Swinton,1
226,492355,Margherita Buy,1
227,52124,Leonardo Pieraccioni,2
228,41608,Terence Hill,2
229,514266,Marco Giallini,2
230,569543,Mia Martini,0
231,36298,Carlo Verdone,2
232,24180,Daniel Auteuil,2
233,119360,Jacopo Olmo Antinori,0
234,25300,Giuseppe Cristiano,2
235,362155,Margherita Buy,1
236,9031,Terence Hill,2
237,59336,Stefania Sandrelli,1
238,363757,Riccardo Scamarcio,2
239,520045,Brando Giorgi,0
240,599616,Luca Argentero,2
241,58749,Gina Lollobrigida,1
242,68825,Alberto Sordi,2
243,58009,Paolo Villaggio,2
244,793723,Olga Kurylenko,1
245,71401,Emmanuel Salinger,2
246,444782,Noël-Noël,2
247,288380,Fosco Giachetti,0
248,830120,,
249,484452,,
250,14623,Brady Corbet,2
251,11795,David Hayter,2
252,18196,Chris Sarandon,2
253,345934,Liu Ye,2
254,297596,Nicolas Cage,2
255,43786,Brian Donlevy,2
256,560929,,
257,548519,Henri Pézerat,0
258,53455,Clarence Nash,2
259,842198,,
260,26125,Dolph Lundgren,2
261,5820,Michael Douglas,2
262,688900,,
263,7007,Sean Connery,2
264,62851,Sachiko Hidari,1
265,408755,Max Adler,2
266,741998,Mía Maestro,1
267,809962,Tiffany Hoa,0
268,777668,,
269,615677,YaYa Gosselin,1
270,463435,Phil Davis,2
271,743749,,
272,783103,YaYa Gosselin,1
273,67460,Chris Lilley,2
274,72268,Ariel Petsonk,2
275,765123,Kostja Ullmann,2
276,429238,Alex Saxon,2
277,601807,Jacqueline Fernandez,1
278,681019,Julia Wieniawa-Narkiewicz,1
279,433245,Josh Peck,2
280,130842,,
281,637157,Seth Carr,2
282,42176,Barbra Streisand,1
283,501669,John Farnham,2
284,289240,Vera Reynolds,1
285,517296,Robert Paige,2
286,780197,Jim Hellwig,2
287,777924,Hulk Hogan,2
288,663939,,
289,271280,Frank Sinatra,2
290,780206,Hulk Hogan,2
291,780177,Hulk Hogan,2
292,780178,Hulk Hogan,2
293,83038,Edward Asner,2
294,347969,Adam Sandler,2
295,618672,Kiran Shah,2
296,318116,,
297,659067,Sami Bouajila,2
298,147437,Eric Adams,0
299,184746,,
300,726664,Yara Shahidi,1
301,10443,Jeff Bridges,2
302,3053,Jack MacGowran,2
303,41386,Beck,2
304,444787,Jackie Chen,0
305,76083,Buster Crabbe,2
306,121038,Jon Voight,2
307,669994,Jay Wilsey,0
308,272506,,
309,7549,Jet Li,2
310,606094,Alonzo Herran JR,0
311,377430,Kavan Smith,2
312,385361,Michael Copon,2
313,577980,Fionnula Flanagan,1
314,820847,,
315,808434,,
316,808308,,
317,241804,Carleton Carpenter,2
318,271808,Earl McCarthy,0
319,669396,Erin Bethea,1
320,639609,Sonequa Martin-Green,1
321,676844,Juli Fàbregas,2
322,4924,Fabian,2
323,550115,Logan Paul,2
324,652483,Larissa Manoela,1
325,575113,Lillo Petrolo,2
326,475210,Theo James,2
327,776559,Zoe Lister-Jones,1
328,301846,Ed Speleers,2
329,38325,Grigoriy Dobrygin,2
330,780618,Debra Winger,1
331,683199,Jefri Nichol,2
332,40170,Lateef Crowder,2
333,369033,Fran Kranz,2
334,168891,George Williams,0
335,21832,Megumi Ogata,1
336,615916,Carter,0
337,372761,Akira Ishida,2
338,35945,Phil Davis,2
339,758279,Roger Conners,2
340,128185,Jon Foo,2
341,132709,Nicholas Chirls,0
342,476771,,
343,639707,,
344,615349,,
345,561475,,
346,793570,Ben Gaudet,0
347,419003,Dan Jurgens,0
348,423124,,
349,52408,Shugo Oshinari,0
350,30984,Jon Nödtveidt,2
351,689101,,
352,787298,Adrianna Chlebicka,1
353,323372,Alba Ribas,1
354,692969,Gitte Witt,1
355,766008,Demián Salomón,2
356,161479,Tavi Gevinson,1
357,102420,Daniel Rairdin-Hale,0
358,656565,,
359,30914,José Mojica Marins,2
360,109703,Dawn DuVurger,0
361,735563,Sofía Gala Castiglione,1
362,398313,Rossemberg Rivas,0
363,421975,Guillermo Murray,2
364,615059,Alisson Emanoel,0
365,658255,,
366,460009,Arnau Vilardebó,0
367,89290,Miguel de la Riva,2
368,687057,,
369,808854,Analía Couceyro,1
370,114578,José Carlos Ruiz,2
371,340547,David Reynoso,2
372,770121,,
373,433244,Vinessa Shaw,1
374,772771,,
375,300075,,
376,471988,Aimi Yoshikawa,1
377,608493,Giovanna Zacarías,1
378,615177,Ed Helms,2
379,883,Roberto Benigni,2
380,198062,Glenn Howerton,2
381,68200,Joan Claybrook,0
382,68540,Roberto Benigni,2
383,412511,Anna Hutchison,1
384,308143,Laura Vandervoort,1
385,107380,Philip Baker Hall,2
386,49511,Al Pacino,2
387,245175,Gabrielle Dennis,1
388,662919,,
389,40922,Jonathan Bray,2
390,605775,Iniya,1
391,251689,Ricardo Bonno,2
392,263912,Joie Lee,1
393,320701,Blanche Baker,1
394,573478,Christy Geslain,0
395,99352,Varun Sandesh,2
396,472693,Iggy Pop,2
397,757830,Cherry Cao Yi-Wen,0
398,399131,Lucy Hale,1
399,8859,Ashton Kutcher,2
400,13827,Matthew McConaughey,2
401,296503,Alec Owen,0
402,506822,Bridgette B,1
403,55546,Clarence Nash,2
404,295049,Martin Clunes,2
405,72022,George O’Brien,2
406,164258,Hoot Gibson,2
407,694379,Natalie Darbyson,0
408,128523,Tim Holt,2
409,396337,Bob Custer,2
410,327390,Jack Oakie,2
411,129284,Eddie Daniels,1
412,71039,,
413,294545,Steve Rude,0
414,411621,,
415,746507,Clayton Napoli,0
416,393911,Brad Roberts,0
417,703023,Tyler Toney,2
418,664524,Hanggini Purinda Retto,0
419,190967,J.K. Simmons,2
420,356388,Mark Jackson,2
421,417919,Rahul Kohli,2
422,157455,,
423,509681,,
424,390777,Billie Joe Armstrong,2
425,632138,Olivia Brady,0
426,718867,Hong Beom-gi,2
427,628756,Barack Obama,2
428,706510,Nasim Pedrad,1
429,102488,Vince Edwards,2
430,63356,,
431,460328,James Craig,2
432,421743,Adam West,2
433,460791,Robert Arthur,2
434,281987,George McCann,0
435,59882,Randolph Scott,2
436,473068,Kenny Bee,2
437,49050,Richard Joseph Paul,2
438,383326,,
439,252276,Bill Elliott,2
440,330157,Ruth Roman,1
441,241819,George Montgomery,2
442,30232,Tony Dalton,2
443,210955,George Montgomery,2
444,88949,Ernest Borgnine,2
445,102289,Jane Russell,1
446,193158,Allan Lane,2
447,7085,Lex Barker,2
448,747349,Dolly Parton,1
449,531949,David Spade,2
450,696815,Josh Wolf,0
451,582868,Usha Jadhav,1
452,491101,Kent Taylor,0
453,623776,Franklyn Farnum,2
454,440593,Bill Elliott,2
455,202142,Monte Hale,2
456,346552,Smiley Burnette,2
457,355420,Guinn Williams,2
458,710871,Thanapob Leeratanakajorn,2
459,30402,Edward Furlong,2
460,346650,Bob Odenkirk,2
461,402582,Jeff Garlin,2
462,617505,Adam Sandler,2
463,463053,Gillian Jacobs,1
464,531735,Christian Clavier,2
465,164130,Jan Kooijman,0
466,408211,Cara Theobold,1
467,265720,,
468,354771,Maor Shwitzer,0
469,11073,Tom Wlaschiha,2
470,74040,Karl Dall,2
471,532289,May Hollerman,0
472,604129,Mark 'Bez' Berry,0
473,86855,Toni Gustinell,0
474,166205,Adrià Collado,2
475,264956,Régis Porte,2
476,322482,Athena Cansino,0
477,57620,,
478,531306,Jack Gore,2
479,419700,Adam Sandler,2
480,582607,Eden Duncan-Smith,1
481,488145,Eden Duncan-Smith,1
482,602310,Tiffany Haddish,1
483,778870,Sheila Kelley,1
484,625450,Ava Michelle,1
485,772272,Ava Michelle,1
486,526408,Silvana Mihai,0
487,312857,Edda Baumann von Broen,1
488,10020,Paige O'Hara,1
489,321612,Emma Watson,1
490,13313,Paige O'Hara,1
491,17894,Timothy Dalton,2
492,30844,Estella Warren,1
493,132137,Ed Quinn,2
494,12542,Steven Seagal,2
495,49038,John Savage,2
496,15267,George Dzundza,2
497,258680,Irene Cara,1
498,12889,Billy West,2
499,786584,Anna Shields,0
500,35073,Paul Hubschmid,2
501,40219,Ronny Cox,2
502,46452,Chad Mathews,2
503,632489,,
504,108181,Guy Madison,2
505,40218,Calvin Lockhart,2
506,22727,Tor Johnson,2
507,27272,Jane Scarlett,1
508,465109,Adam Sandler,2
509,77944,Fabio De Luigi,2
510,155341,Michael Mfume,0
511,38601,Soulwax,0
512,804497,George Peppard,2
513,537734,Sasheer Zamata,1
514,629059,Juan Manuel Orestegui,0
515,88249,Lars Eidinger,2
516,405197,Matilde Gioli,1
517,204204,Sonja Ziemann,1
518,138701,Sebastian Koch,2
519,815167,Tony Berghs,0
520,366856,Rick Gomez,2
521,646605,Cynthia Aspra,0
522,753332,Doğu Can,0
523,688038,Farzaneh Taidi,1
524,23690,Beau Allulli,0
525,669098,王漪淼,1
526,341374,Karl-Heinz Bauer,0
527,451102,Nenad Radović,0
528,525041,Rose McIver,1
529,15596,Rodney Dangerfield,2
530,623973,Elyse Maloway,0
531,325896,Kimberly Elise,1
532,745762,,
533,521508,,
534,316046,,
535,689723,Camila Mendes,1
536,787158,David Powell,2
537,463101,Sharon Alessandri,0
538,645489,Pankaj Tripathi,2
539,262709,Genea Charpentier,1
540,600794,Ladele Tojoula,0
541,331713,,
542,586083,,
543,678933,,
544,824965,,
545,620883,Luisana Lopilato,1
546,362653,Carsten Fabian,0
547,744289,Bill Bennett,2
548,369443,Joo Won,2
549,431242,Kristín Ólafsdóttir,0
550,67878,Svetlana Timofeeva-Letunovskaya,1
551,640521,René Mena,0
552,515741,Noomi Rapace,1
553,12446,Catherine Frot,1
554,2046,Cate Blanchett,1
555,478100,Anna Mouglalis,1
556,631060,Amanda Seyfried,1
557,517751,,
558,507453,,
559,470558,Kelly Ames,0
560,531736,Sarah Stern,1
561,586333,Pol Monen,2
562,352492,Sarah Hyland,1
563,464893,,
564,567444,,
565,596979,Angélica Belmont,0
566,826892,,
567,446337,Carlos Castañón,0
568,211607,,
569,624963,Tamara Smart,1
570,587693,Rose McIver,1
571,588001,Blanca Suárez,1
572,281787,Talat Bulut,0
573,639414,Konkona Sen Sharma,1
574,658777,Cornelia Gröschel,1
575,456750,Adam DeVine,2
576,463348,Martin Scurll,2
577,675592,Kiara Advani,1
578,9950,Vin Diesel,2
579,4916,Rebecca De Mornay,1
580,55101,Bill Pullman,2
581,22423,Robert De Niro,2
582,567748,Jake Gyllenhaal,2
583,388624,Steve-O,2
584,35546,Bonita Granville,1
585,68663,Kathy Bates,1
586,162284,Lionel Barrymore,2
587,37485,Zachary Scott,2
588,520134,Rosanna Arquette,1
589,38292,Morgan Freeman,2
590,240023,Barbra Streisand,1
591,65169,Anthony Hopkins,2
592,266262,Betty Compson,1
593,371182,Lori Loughlin,1
594,200371,Rod Steiger,2
595,458195,Josh Caras,2
596,477075,O.J. Simpson,2
597,523139,Patrick Wilson,2
598,424652,,
599,783959,Taylor Salim,0
600,660006,Karole Rocher,1
601,378986,Alexandra Stewart,1
602,194708,Françoise Fabian,1
603,40132,Laura Gemser,1
604,265418,Carina Barone,1
605,433251,Marlon Wayans,2
606,458344,Rose Byrne,1
607,21450,David Thewlis,2
608,2742,Peter Weller,2
609,8275,John White,2
610,39478,Sarah Allen,1
611,20482,Barry Fitzgerald,2
612,36593,Leslie Nielsen,2
613,26031,Constance Towers,1
614,61988,Eleanor Parker,1
615,37137,Leslie Nielsen,2
616,338886,Jesse Seann Atkinson,0
617,20442,James Stewart,2
618,179966,Elyse Levesque,1
619,30155,Joe Mantegna,2
620,162698,Kaylani Lei,1
621,37136,Leslie Nielsen,2
622,18513,Cornel Wilde,2
623,624789,John Boyega,2
624,28560,Sterling Hayden,2
625,775996,Anthony Mackie,2
626,787742,N-J Price,0
627,828064,,
628,290951,Anthony Hornus,0
629,643882,Vanessa Hudgens,1
630,694234,Cristiano Caccamo,2
631,364067,Bill Murray,2
632,462469,Michaela Coel,1
633,86944,Barry Primus,2
634,625248,Kelvin Miranda,0
635,844272,,
636,317156,Leah Rudick,0
637,40041,Michael Murphy,2
638,179103,Billy Halop,2
639,812592,Samantha Schmütz,1
640,586245,Kc Okoro,0
641,645998,Ali Fazal,2
642,18862,Jamie Lee Curtis,1
643,181947,Chico Benymon,2
644,606497,,
645,225856,,
646,498800,E Murk,0
647,739633,,
648,676396,,
649,809640,Rodney Perry,2
650,445407,Valerie Amsterdam,0
651,660208,Simone Liberati,2
652,216049,Lucila Balzaretti,1
653,684467,,
654,836559,Svetlana Khodchenkova,1
655,273290,Douta Seck,0
656,768058,Merab Ninidze,2
657,59932,Jean-Roger Milo,2
658,580001,Kevin Hart,2
659,624808,Sam Claflin,2
660,401371,Alexander Skarsgård,2
661,48787,Marina Zudina,1
662,780688,Robert Bunn,0
663,835105,Ginés García Millán,0
664,658554,Aleksandr Ilin,2
665,586293,Sarah Teed,0
666,428540,,
667,283472,Marieke Blaauw,0
668,471835,Emily Hart,1
669,413955,Liam Blundell,0
670,487205,,
671,629334,Cheyenne Carson,0
672,409627,,
673,433587,Catherine Beckett,0
674,672193,,
675,749112,,
676,745785,Oles Dmytrenko,0
677,832170,,
678,711869,Anna Acquoroff,0
679,533756,Cinthia Duo,0
680,649087,Johannes Bah Kuhnke,2
681,563601,,
682,320479,,
683,796124,Vanessa Allen,0
684,796849,Kiko Mizuhara,1
685,475445,,
686,706349,Marlon Wayans,2
687,72790,Duane Martin,2
688,240745,Ed Harris,2
689,66666,Sarah Kozer,1
690,12577,Stephen Dorff,2
691,31942,Michael Dudikoff,2
692,431072,Eden Sher,1
693,384521,Gugu Mbatha-Raw,1
694,611207,Vanessa Hudgens,1
695,311307,Josh Brolin,2
696,503619,Daniel Doheny,2
697,146578,Steve Austin,2
698,31606,Gene Hackman,2
699,780926,Heather Grace Hancock,1
700,368000,Dan Palmer,0
701,541899,Kelly Belinda Hammond,0
702,484798,,
703,234729,,
704,256782,Jake Ross,0
705,379225,,
706,607848,Boris Ler,0
707,548791,Jefferson Brito,2
708,381446,R. Kelly,2
709,657787,Milorad Ćorović,0
710,16026,Lasse Åberg,2
711,401929,Sharla Cheung,1
712,423949,Brie Larson,1
713,513083,Amy Poehler,1
714,338095,Stephen Amell,2
715,457917,Javier Cámara,2
716,373453,Shashank Arora,2
717,773998,Maisa Silva,1
718,345054,Mollee Gray,1
719,777698,,
720,623195,Christina Milian,1
721,395841,Jeffrey Wright,2
722,644090,Rachael Leigh Cook,1
723,682426,Metin Akdülger,2
724,732359,Sarah Cooper,1
725,571451,Chevy Chase,2
726,735580,Steve Vanderzee,0
727,343887,Sarah Silverman,1
728,769236,Brandon Hicks,2
729,330953,,
730,469093,Simon Cartwright,0
731,409331,,
732,5991,Emil Jannings,2
733,233926,Mari Tanaka,1
734,197242,Helene Luckow,0
735,746422,Riccardo Scamarcio,2
736,614911,George Clooney,2
737,701175,Mario Casas,2
738,73835,Enrico Montesano,2
739,626393,Joanna Herrington,1
740,141210,Josh Feldman,0
741,667424,,
742,764091,Sumner Codd,0
743,70588,Claire Sloma,1
744,806514,J. Bone-Christian,0
745,567971,Jaden Michael,2
746,810731,Belinda Lane,0
747,699102,Bailee Madison,1
748,694256,Elvira Camarrone,0
749,449755,Eliza Taylor,1
750,737802,Natalia Coronado,0
751,81428,Vespa Vasic,0
752,485504,Luke Grimes,2
753,483202,Charlie Shotwell,2
754,20504,Denzel Washington,2
755,655872,Nate Milton,0
756,767628,Max Badin,0
757,217243,Heidemarie Theobald,0
758,78342,Lior Ashkenazi,2
759,449637,,
760,808333,,
761,696611,,
762,485095,,
763,253415,Sonja Wigert,1
764,479405,Ali Hussain,0
765,495904,Türkan Şoray,1
766,169385,Dianne Butler,0
767,821457,Onur Yıldız,2
768,217407,Eila Peitsalo,1
769,280129,Cliff Robertson,2
770,794732,Gustav Turefeldt,2
771,526280,Anneli Sauli,1
772,493309,Eli Porter,0
773,744676,Yami Gautam,1
774,602609,Tiya Sircar,1
775,108256,Gary Cooper,2
776,3011,Jack Lemmon,2
777,380830,Sami Bouajila,2
778,642652,Toby Hemingway,2
779,744013,Kourtney Bell,1
780,799682,,
781,63731,,
782,816791,Jesper Eliasson,0
783,252805,Kiyoshi Atsumi,2
784,481889,Storm Steenson,1
785,59308,Duff Clawson,0
786,481074,Alexa Reddy,0
787,799314,Jake Lawler,0
788,560477,Sophia Eleni,0
789,693163,Charlie Aligaen,0
790,240916,Samuel L. Jackson,2
791,9399,Jean-Claude Van Damme,2
792,543774,Genevieve Nnaji,1
793,78028,Eric Stoltz,2
794,399993,Robert Dean,2
795,362230,Valeri Alessandro,0
796,188357,Malcolm McDowell,2
797,136429,Derek Lea,2
798,319721,,
799,721152,,
800,11291,Staffan Götestam,2
801,187717,Renato Salvatori,2
802,567474,,
803,727288,Wallace Beery,2
804,37945,Glenn Close,1
805,346671,Adam Scott,2
806,251384,Tom Alexander,0
807,701277,Piper Collins,0
808,253117,Jamison Selby,0
809,381317,Sharon Cuneta,1
810,294532,,
811,679063,,
812,486468,Elita Kļaviņa,1
813,44783,Patricia Ree Gilbert ,0
814,131871,Damon Albarn,2
815,369333,,
816,418897,Swastika Mukherjee,0
817,30625,William Powell,2
818,724684,Wakefield Poole,2
819,309962,,
820,425203,Adam Green,2
821,567645,林志炫,0
822,476994,Susannah York,1
823,395919,Mick Garris,2
824,51304,Axwell,2
825,101597,Pawarith Monkolpisit,2
826,434545,,
827,281619,Ellen Sandweiss,1
828,561230,Ruth Bader Ginsburg,1
829,531503,Anthony Mackie,2
830,26039,Lee Marvin,2
831,56125,Mickey Rourke,2
832,785582,,
833,667304,,
834,61404,Gilles Lellouche,2
835,385498,Tom Schilling,2
836,8743,Sofia Helin,1
837,142096,Roschdy Zem,2
838,9434,John Cusack,2
839,118281,Malin Crépin,1
840,745078,Bartosz Bielenia,2
841,185849,Leticia Dolera,1
842,657479,Aarni Kivinen,0
843,553866,,
844,761380,,
845,832698,,
846,98177,Jo Ann LeCompte,0
847,379571,,
848,389053,Adam Sandler,2
849,502970,Nicole Gale Anderson,1
850,555850,Kat Graham,1
851,520663,Amy Adams,1
852,17136,Edward G. Robinson,2
853,299068,Irina Muravyova,1
854,717523,,
855,582596,David Spade,2
856,463684,Jake Gyllenhaal,2
857,638597,Jennifer Garner,1
858,813387,Ziad Bourji,2
859,585836,Rahul Pethe,0
860,318242,,
861,787744,Jamie Loftus,0
862,215015,Mammootty,2
863,768520,Lorynn York,1
864,483104,Rose McIver,1
865,587693,Rose McIver,1
866,525041,Rose McIver,1
867,488063,Alexis Knapp,1
868,652776,Shein Mompremier,1
869,492335,Nicole Muñoz,1
870,530956,Ashton Sanders,2
871,328943,,
872,725906,Ross Lynch,2
873,622963,Kerry Washington,1
874,22819,Nick Cannon,2
875,672866,Russell Crowe,2
876,430038,Yuji Okumoto,2
877,272244,,
878,275791,,
879,311802,,
880,256074,Carina Lau,1
881,205973,Rod Stewart,2
882,415932,Patina Miller,1
883,801893,Fred Astaire,2
884,342245,,
885,3175,Ryan O'Neal,2
886,397717,Devon Terrell,2
887,249923,Tyler Labine,2
888,44594,Patrick Wilson,2
889,718558,Gary Green,0
890,147356,Pierre Fresnay,2
891,488669,Todd Barry,2
892,632690,Matt Dillon,2
893,61974,Barry Shurchin,0
894,43508,Red Skelton,2
895,422563,Pete Gardner,2
896,793540,,
897,119433,Todd Barry,2
898,786017,Audrey Rumsby,0
899,265493,Barry Hilton,0
900,68182,Cheick Kongo,2
901,253026,Buster Crabbe,2
902,24084,Barry Crocker,0
903,726999,Gary Green,0
904,774958,Jordan Hale,0
905,507143,Sami Gayle,1
906,706783,Saiyami Kher,1
907,730428,Bobby Deol,2
908,429415,Michael Peña,2
909,91314,Mark Wahlberg,2
910,338676,Matthew Fox,2
911,300792,Elon Musk,2
912,279988,Ben Loyd-Holmes,2
913,7737,Milla Jovovich,1
914,539765,Rob Stewart,2
915,701369,Luke Hobson,2
916,742637,David Attenborough,2
917,79721,Daniel Buder,2
918,745075,Helen Mirren,1
919,737943,John Hume,0
920,551918,Eric Szmanda,2
921,815240,Michael Urie,2
922,714900,James Bell,0
923,708227,,
924,704221,,
925,835802,Gabe V.,0
926,658662,,
927,223936,Dave Mustaine,2
928,451563,Noël Wells,1
929,178614,Lucille Ball,1
930,824297,Namit Das,0
931,59846,David Niven,2
932,652789,,
933,368155,Roger Moore,2
934,139592,Pierre Étaix,2
935,252242,,
936,823855,Erica Wessels,1
937,295151,Joan Cusack,1
938,240906,Candace Cameron Bure,1
939,720395,Ivanna Sakhno,1
940,750047,,
941,361824,,
942,443401,Lucien Jean-Baptiste,2
943,47596,Kipp Marcus,0
944,333348,Steve Martin,2
945,368993,Zach Woods,2
946,40774,Jordan Prentice,2
947,10288,Billy Connolly,2
948,493854,,
949,459159,Asher Blinkoff,0
950,298911,,
951,29879,Shirley Temple,1
952,52699,Jason Dolley,2
953,229407,Pierre Coffin,2
954,412117,Patton Oswalt,2
955,509730,Rusty Shackleford,0
956,328111,Albert Brooks,2
957,738646,Kat Graham,1
958,494950,Rishi Kapoor,2
959,180576,Albert Finney,2
960,656563,Danilo Mesquita,2
961,678403,Wendie Malick,1
962,658751,David Kross,2
963,150089,Victor Rasuk,2
964,454854,Roger Guenveur Smith,2
965,766331,,
966,462919,Shannon Purser,1
967,411405,Nikolaj Coster-Waldau,2
968,355008,Ricky Gervais,2
969,20626,Gérard Lanvin,2
970,390824,Marie-José Nat,1
971,411143,Maika Monroe,1
972,91007,Eric Kot Man-Fai,2
973,227823,Brontis Jodorowsky,2
974,38120,Gregg Palmer,2
975,317023,Giuseppe Addobbati,2
976,403430,Stephen Fung Tak-Lun,2
977,199704,Deskong Namgyal Nurla,0
978,276827,Otto Šimánek,2
979,609946,Uma Thurman,1
980,558847,,
981,330607,Otto Šimánek,2
982,631977,Alexandra Duca,0
983,741890,Andrea Behm,0
984,434149,,
985,254383,Ikuko Harada,0
986,287130,,
987,351969,,
988,68559,Mark Cheng,2
989,692064,Ga-Tau Chang,0
990,581389,Song Joong-ki,2
991,538604,Shelley Hennig,1
992,661665,Tarryn Lagana,1
993,574781,,
994,507294,André Benjamin,2
995,194921,Dominick Dunne,2
996,623491,Judah Lewis,2
997,767896,Jan Decleir,2
998,583083,Joey King,1
999,454983,Joey King,1
1000,727745,Joey King,1
1001,543540,Camila Mendes,1
1002,136294,Clovis Cornillac,2
1003,689652,Jurgita Jurkutė,1
1004,754800,Lavinia Wilson,1
1005,746957,Mauricio Ochmann,2
1006,500634,Abbi Jacobson,1
1007,84237,Chôemon Bandô,0
1008,413593,Syed Saad,0
1009,651070,Crystal R. Fox,1
1010,168781,Tim Roth,2
1011,836488,Bill Pullman,2
1012,66110, Bill Bunten,0
1013,363600,James Fox,0
1014,211339,Kevin Spacey,2
1015,824167,Gary Sweet,2
1016,60642,Shane MacGowan,2
1017,515333,Michael Rainey Jr.,2
1018,376581,Jason Biggs,2
1019,35733,Shane Ryan,2
1020,30157,Isabelle Huppert,1
1021,356814,Fabrizio Borsani,2
1022,21294,John Savage,2
1023,35731,Kai Lanette,0
1024,777434,Kahlil Aguilar,0
1025,127468,Mauricio Dayub,0
1026,429721,Esteban Lamothe,2
1027,762934,Maor Shweitzer,0
1028,117721,Jorge Mario,0
1029,617840,Aurora Di Modugno,0
1030,667284,Curtiss Cook Jr.,2
1031,255341,Geoffrey Deuel,2
1032,392156,Warner Baxter,2
1033,219442,,
1034,340244,Joey Baldwin,0
1035,336228,Klaus Herm,2
1036,293242,,
1037,503736,Dave Bautista,2
1038,831982,Zack Snyder,2
1039,28939,Ross Kelly,0
1040,485811,Oris Erhuero,2
1041,766,Bruce Campbell,2
1042,777350,,
1043,521935,Madeline Brewer,1
1044,513268,Mary J. Blige,1
1045,314996,Laura Allen,1
1046,792237,Steve Aaron-Sipple,0
1047,305967,Lotta Losten,1
1048,301201,Antónia Lišková,1
1049,320662,Abbey Rhode,0
1050,40931,Andreau Thomas,0
1051,591027,Tori Black,1
1052,495305,Arianne Zucker,1
1053,429838,Erin Cline,1
1054,314277,,
1055,843198,,
1056,692577,,
1057,411837,Ngô Thanh Vân,1
1058,601665,,
1059,511074,Ferdi Kurtuldu,0
1060,678166,,
1061,767933,Adam Fox,0
1062,513409,Alicia Vikander,1
1063,612701,David Harbour,2
1064,653601,Alison Brie,1
1065,635870,Kayli Vander Heide,0
1066,640520,Ha Myeong-jung,2
1067,550860,Father Bob Weiss,0
1068,686919,Manisha Koirala,1
1069,254690,Magdalena Cielecka,1
1070,351860,Lidia Wysocka,0
1071,841923,L. Dvořáková,1
1072,301765,,
1073,81087,Ram Pothineni,2
1074,9460,Jet Li,2
1075,14517,Stephanie Leonidas,1
1076,24356,Bob Dylan,2
1077,11177,Cher,1
1078,25705,Casper Van Dien,2
1079,854,Jim Carrey,2
1080,452607,,
1081,49516,Andy On,2
1082,153879,Lorenzo Lamas,2
1083,10214,Jamie Kennedy,2
1084,27886,Caroline Munro,1
1085,62904,Nikki DeLoach,1
1086,14919,Kevin Conroy,2
1087,18681,Ewan McGregor,2
1088,21137,Alice Bag,0
1089,287982,Lloyd Kaufman,2
1090,36724,Dave Mustaine,2
1091,164388,Fat Mike,2
1092,26163,Lou Dobbs,2
1093,44848,Rick Wilder,0
1094,751935,,
1095,276222,,
1096,430489,Fat Mike,2
1097,777249,,
1098,141995,,
1099,774054,Joshua Fields Millburn,0
1100,419472,Jack Black,2
1101,611213,Meryl Streep,1
1102,487702,Danielle Campbell,1
1103,598059,Frank Fortuna,0
1104,206512,Jennifer Jason Leigh,1
1105,762535,Todd A. Kovner,0
1106,843519,,
1107,578043,Mary Frann,0
1108,552531,,
1109,128998,Sheelagh Bevan,0
1110,775915,Stu Wolfson,0
1111,701955,,
1112,296578,Viktor Grudev,0
1113,139183,,
1114,569513,,
1115,354859,Oscar Isaac,2
1116,446523,,
1117,634521,Minami Hamabe,1
1118,476292,Manaka Iwami,1
1119,13172,Seann William Scott,2
1120,814154,Chris Connell,0
1121,339396,Kevin James,2
1122,668195,Aniello Arena,2
1123,684037,Christoph Ruf,0
1124,417552,,
1125,82472,Sabrina Bertaccini,0
1126,220611,David Novotný,2
1127,673540,Nico Schoch,0
1128,811107,Jochen Breyer,2
1129,721685,,
1130,821510,Vincent Kartheiser,2
1131,192644,Silas Gordon Brigham,0
1132,27709,George Maharis,2
1133,83479,Patricia Altschul,0
1134,346564,,
1135,8764,Val Kilmer,2
1136,139361,Susan Hayward,1
1137,163754,Akiko Yajima,1
1138,699,Roger Moore,2
1139,622721,,
1140,430446,Chiwetel Ejiofor,2
1141,70548,,
1142,519253,Marco Giallini,2
1143,414190,Bill Milner,2
1144,454261,Yōta Kawase,2
1145,559082,Rohit Kokate,0
1146,581475,Alfre Woodard,1
1147,504118,Alfred Rode,2
1148,467185,,
1149,715746,Márcia Gomes da Silva,0
1150,586521,Cheddy García,0
1151,61983,Antonio Casal,0
1152,407459,Edwin Carewe,2
1153,301999,Heinrich George,2
1154,831463,Beatriz Michelena,1
1155,390163,Mariola Fuentes,1
1156,277041,Marie Menken,1
1157,678006,,
1158,292233,Renate Blume,1
1159,514999,Adam Sandler,2
1160,10440,Woody Allen,2
1161,638974,,
1162,353977,,
1163,346979,,
1164,832320,Jessica Taige,0
1165,606624,,
1166,119118,Neil Hamilton,2
1167,128721,Robert Beatty,2
1168,463312,Donald Meek,2
1169,287169,Donald Meek,2
1170,251271,Reginald Denny,2
1171,354253,,
1172,288929,,
1173,766475,Saoirse Ronan,1
1174,568154,,
1175,836032,Rebecca Zahau,0
1176,769894,,
1177,467589,Krishna Abhishek,2
1178,740490,Gregory Borissov,2
1179,605116,Jamie Foxx,2
1180,303181,Raj Patel,0
1181,505379,Lily James,1
1182,223,Laurence Olivier,2
1183,38716,Shirley Temple,1
1184,597384,Michel Bouquet,2
1185,409626,Lise Wolle,0
1186,643732,Pippa Grandison,1
1187,527570,Joseph Benjamin,0
1188,636690,Bethan Cullinane,0
1189,36822,Mary Pickford,1
1190,759020,Dana Estévez,0
1191,249530,Alessio Boni,2
1192,324438,Marika Green,1
1193,770269,Rebecca Scheja,0
1194,367706,,
1195,156527,Cliff Robertson,2
1196,763294,,
1197,231498,Eva Habermann,1
1198,686983,,
1199,467607,Simone Buchanan,1
1200,368158,,
1201,654028,Kurt Russell,2
1202,454983,Joey King,1
1203,583083,Joey King,1
1204,727745,Joey King,1
1205,556803,Vanessa Hudgens,1
1206,643882,Vanessa Hudgens,1
1207,785533,Vanessa Hudgens,1
1208,565426,Lana Condor,1
1209,354287,Brad Pitt,2
1210,339993,Robert Amstler,2
1211,323991,,
1212,437735,Powers Boothe,2
1213,790772,Aymeric Chauprade,2
1214,436725,William Hartnell,2
1215,314686,Rocky Shades,0
1216,783091,Ray Foushee,0
1217,391506,Ricky Carmichael,0
1218,783086,Ray Foushee,0
1219,783116,Ray Foushee,0
1220,509967,Ryan Reynolds,2
1221,24837,Fred Vogel,0
1222,11902,Miki Manojlović,2
1223,24836,Kyle Dealman,0
1224,39855,Cristie Whiles,0
1225,217326,Dania Ramirez,1
1226,80195,Sofia Pernas,1
1227,17318,Mark Strange,2
1228,136698,Callan McAuliffe,2
1229,661927,Joakim Robillard,2
1230,543836,Lou Reed,2
1231,146072,Bud Collyer,2
1232,182873,Scott Adkins,2
1233,90934,Anthony Wong,2
1234,295373,Felipe Camargo,2
1235,586617,Callyn Dorval,0
1236,149883,Kristen Schaal,1
1237,75946,Randall Batinkoff,2
1238,73241,John Cale,2
1239,765733,Stephanie Cathey,0
1240,584962,Zach Galifianakis,2
1241,426265,Trevor Jackson,2
1242,329294,Daliah Lavi,1
1243,445547,Kazuo Hasegawa,2
1244,430826,Hannah Cagwin,1
1245,428687,Ashleigh Murray,1
1246,644092,Kea Peahu,1
1247,615665,Emma Roberts,1
1248,531438,Rob Lowe,2
1249,318256,Ava Taylor,1
1250,38322,Martin Lawrence,2
1251,518452,Kristen Bell,1
1252,36914,Dudley Moore,2
1253,128614,Tom Laughlin,2
1254,89253,Robson Green,2
1255,97294,Harry Hamlin,2
1256,516647,Maxwell Grant,0
1257,633155,Jason Stuart,2
1258,626862,Ned Kelly,0
1259,777651,Niño Muhlach,0
1260,641919,,
1261,509319,Luca Alexander,2
1262,177945,Masaharu Fukuyama,2
1263,254810,Mac Alsfeld,0
1264,410840,Lee Chae-dam,1
1265,417667,Andrzej Andrzejewski,0
1266,843445,,
1267,392116,Elma Postma,0
1268,687391,,
1269,489785,Kim Sang-joong,2
1270,567970,Amy Ryan,1
1271,762006,Louis Partridge,2
1272,479259,Alexandra Daddario,1
1273,381737,Jeff Ward,2
1274,27891,Joe Estevez,2
1275,776047,Olivia d'Abo,1
1276,346580,Eliza Swenson,1
1277,38678,Lisa Ling,0
1278,425369,Loretta Young,1
1279,531719,Jaroslava Schallerová,1
1280,495305,Arianne Zucker,1
1281,4535,Tony Kendall,2
1282,356218,Tuva Jagell,1
1283,30711,Robert Vaughn,2
1284,167066,Françoise Blanchard,1
1285,342657,Park Bo-young,1
1286,28809,Silvia Solar,1
1287,89072,Cheri Caffaro,1
1288,531509,Angela Bassett,1
1289,624213,,
1290,347689,Paul Reubens,2
1291,671039,Lannick Gautry,2
1292,653744,Wagner Moura,2
1293,473352,Tomás Cao,2
1294,39442,Sérgio Vieira de Mello,2
1295,161831,Lina Morgan,1
1296,833045,Sergio Larraín,2
1297,264117,Carla Leone,0
1298,562022,Tonino Delli Colli,2
1299,150636,Sérgio Mallandro,2
1300,569055,Sergio Leone,2
1301,572525,Orio Caldiron,0
1302,306506,Charlie Cox,2
1303,647903,Sergio Citti,2
1304,320436,,
1305,741008,Sergio Stivaletti,2
1306,141545,Sérgio Reis,2
1307,469732,Sergio Leone,2
1308,129869,Sergio Sollima,2
1309,827443,,
1310,347703,Renato Teixeira,2
1311,402916,Renato Teixeira,2
1312,646955,Engin Günaydın,2
1313,666649,Clara Bernadeth,0
1314,623491,Judah Lewis,2
1315,343701,Hiski Hämäläinen,2
1316,544431,Dylan McDermott,2
1317,548064,Fran Kranz,2
1318,37414,Casey Affleck,2
1319,31604,James Caan,2
1320,43109,James Best,2
1321,2182,David Miller,2
1322,15482,Anthony Starke,2
1323,400649,Kayla Compton,1
1324,510685,Kosachev Nikita,2
1325,483205,Richard Cabral,2
1326,493622,Emraan Hashmi,2
1327,13942,Eliza Dushku,1
1328,585642,Cindy Busby,1
1329,129524,John Schneider,2
1330,37415,Stacy Keach,2
1331,270851,Shannen Doherty,1
1332,37017,Nancy Stafford,1
1333,842627,Brittany Underwood,1
1334,576156,Issa Rae,1
1335,586554,John Ventimiglia,2
1336,401743,Melissa Leo,1
1337,529962,Allison Williams,1
1338,287568,,
1339,567875,,
1340,284709,,
1341,275343,,
1342,348284,Jacki Weaver,1
1343,186257,Michael James Dukes,2
1344,499555,John McEnroe,2
1345,744991,Kajol,1
1346,438396,Javier Rey,2
1347,612706,Sabrina Carpenter,1
1348,782491,Andrew Balazs,0
1349,196311,,
1350,140933,,
1351,564148,Aaron J. March,2
1352,759844,,
1353,522185,Joel Freeman,2
1354,522189,Joel Freeman,2
1355,522192,Joel Freeman,2
1356,522194,Joel Freeman,2
1357,401460,Derek Savage,2
1358,656561,Dee Bradley Baker,2
1359,694254,Andrea Arcangeli,2
1360,182228,John Rhys-Davies,2
1361,107315,Edward Furlong,2
1362,48562,Stan Laurel,2
1363,587996,Javier Gutiérrez,2
1364,125310,Alan Ladd,2
1365,76469,Wes Bentley,2
1366,346765,Lige Conley,2
1367,417838,Frank Graham,2
1368,358976,Nikolay Kryuchkov,2
1369,437463,Kristen Robek,1
1370,84577,Val Kilmer,2
1371,755340,Jimmy Jean-Louis,2
1372,672914,,
1373,655832,Gading Marten,0
1374,826844,,
1375,809236,Ecem Erkek,1
1376,510498,André Holland,2
1377,554023,Noel Gallagher,2
1378,137903,,
1379,720390,,
1380,749542,,
1381,153551,,
1382,530382,Boyd Holbrook,2
1383,14284,Buzz Aldrin,2
1384,239889,,
1385,706503,Alban Lenoir,2
1386,726940,Simon Greenall,2
1387,765684,Simon Greenall,2
1388,752885,Simon Greenall,2
1389,139709,,
1390,163760,,
1391,673174,Marta Etura,1
1392,426257,Chanté Adams,1
1393,515248,Gina Rodriguez,1
1394,581600,Mark Wahlberg,2
1395,696337,,
1396,452731,Ben Mendelsohn,2
1397,510073,Rachel Dolezal,0
1398,397442,Jake Johnson,2
1399,110861,Greg Maddux,0
1400,161460,Tony Curtis,2
1401,569923,Huang Yuan Shen,0
1402,638619,Mark Forward,0
1403,743650,,
1404,702622,Horiuchi Makoto,0
1405,452507,Thomas Jane,2
1406,291519,Antigoni Amanitou,0
1407,486125,,
1408,405065,,
1409,336140,,
1410,434721,Lily Long,0
1411,389171,,
1412,763919,Marion Aye,1
1413,309085,,
1414,182023,Eleni Bastea,0
1415,260438,,
1416,544886,,
1417,254070,Roald Amundsen,0
1418,154450,,
1419,602760,Gabriela Cámara,0
1420,511785,Daniel Doheny,2
1421,424121,Dan Stevens,2
1422,476968,Jim Caviezel,2
1423,410129,John Rhys-Davies,2
1424,2895,Robert Duvall,2
1425,127770,Robert Loggia,2
1426,698584,Henry Goodman,2
1427,294457,Fayçal Safi,2
1428,139900,Carlos Blanco Vila,2
1429,277330,Nicholas McCarthy,0
1430,759731,William S. Hart,2
1431,788822,,
1432,311464,,
1433,269845,,
1434,320817,,
1435,77733,,
1436,270599,,
1437,842602,KC Allen,0
1438,496820,,
1439,784004,,
1440,256458,Kim In-kwon,2
1441,495193,Gabriel Bateman,2
1442,23069,Patsy Garrett,1
1443,21299,Red Steagall,2
1444,44415,Nick Whitaker,2
1445,38802,Benjean,1
1446,180705,,
1447,270787,,
1448,272318,,
1449,272475,,
1450,719013,Gerald Jones III,0
1451,313489,Benji Brown,0
1452,319748,,
1453,44418,Ron Moody,2
1454,171899,Akari Hibino,1
1455,172409,Akari Hibino,1
1456,172418,,
1457,242980,,
1458,172415,,
1459,264992,,
1460,447997,,
1461,400106,Will Smith,2
1462,342470,Elle Fanning,1
1463,39957,Briana Evigan,1
1464,29963,Abbie Cornish,1
1465,174311,Paul Giamatti,2
1466,15271,Stephen Campbell Moore,2
1467,95590,Dermot Mulroney,2
1468,29887,Shirley Temple,1
1469,17170,Michael J. Fox,2
1470,109258,Arthur Kennedy,2
1471,626307,Jodie Sweetin,1
1472,398738,Carrie Fisher,1
1473,497696,Joel Edgerton,2
1474,425972,Martin Freeman,2
1475,384737,Bruce Willis,2
1476,34069,Martin Rapold,2
1477,182972,Andy Rodoreda,2
1478,15073,Peter Mullan,2
1479,548162,Ron Thompson,2
1480,460992,Edward Asner,2
1481,106541,Natasha Rinis,0
1482,50271,Joan Crawford,1
1483,174773,Dana Andrews,2
1484,52477,Jason London,2
1485,102526,Hedy Lamarr,1
1486,404878,,
1487,814367,Rino Cammarata,0
1488,176546,Jack Warner,2
1489,385753,Dree Hemingway,1
1490,47632,John Calvert,2
1491,473311,Josse De Pauw,0
1492,257027,Jack Watling,2
1493,210088,Pierre Lebeau,2
1494,621954,Idris Elba,2
1495,237802,Tom Selleck,2
1496,707886,Sofia Carson,1
1497,540805,Magnus Krepper,2
1498,577002,Rinal Mukhametov,2
1499,799497,Edmilson Filho,2
1500,515841,Vincent Elbaz,2
1501,505003,Michael Raymond-James,2
1502,17993,Fred Ward,2
1503,341886,Casper Van Dien,2
1504,787675,,
1505,256599,Brooke D'Orsay,1
1506,780632,Acha Septriasa,1
1507,404040,Amanda McCann,0
1508,21841,Jon Ray,0
1509,64129,Robert Taylor,2
1510,590304,Noni Hazlehurst,1
1511,536331,Linda de Mol,1
1512,416009,Jack Cassidy,2
1513,107593,Bette Davis,1
1514,2106,Dirk Bogarde,2
1515,789899,,
1516,69325,Samaire Armstrong,1
1517,147681,,
1518,61469,Felicia Day,1
1519,542775,Shelby Alayne Antel,0
1520,523368,Aaron Kwok,2
1521,596178,Manav Kaul,2
1522,122280,Annie Potts,1
1523,58558,José van Dam,2
1524,429212,Eiko Nagashima,1
1525,534020,Sarkhan Sarkhan,0
1526,824865,Tony Blair,2
1527,674865,Valeria Bertuccelli,1
1528,483906,Mads Mikkelsen,2
1529,5255,Tom Hanks,2
1530,244539,Mark Ruffalo,2
1531,448665,,
1532,1414,Najwa Nimri,1
1533,190417,Jean-François Balmer,2
1534,483494,Humberto Busto,2
1535,69108,Clarence Nash,2
1536,27391,Jack Coleman,2
1537,59290,Charles Shaughnessy,2
1538,436511,Jeremy Clarkson,2
1539,806169,George Eastman,2
1540,507167,,
1541,236214,Mel Blanc,2
1542,234965,Daws Butler,2
1543,70631,Maximilian Brauer,2
1544,650718,,
1545,707050,Evelyn Bertoni,0
1546,732891,,
1547,419231,Don Morrow,0
1548,390054,Logan Marshall-Green,2
1549,787153,Stephen M. Gilbert,0
1550,401311,Mabel Mercer,0
1551,148514,,
1552,269005,Milena Dravić,1
1553,397355,,
1554,266425,Jordon Hodges,0
1555,331114,Emma de Caunes,1
1556,457962,Rainn Wilson,2
1557,324670,James Badge Dale,2
1558,495228,,
1559,344892,,
1560,449383,,
1561,823752,,
1562,823741,,
1563,823744,,
1564,823749,,
1565,822109,Klô Pelgag,1
1566,751818,Steve Hackett,2
1567,623491,Judah Lewis,2
1568,419479,Samara Weaving,1
1569,37141,Alicia Silverstone,1
1570,276530,Patty Duke,1
1571,69945,Keri Russell,1
1572,374805,Josh Cooke,2
1573,13078,John Leguizamo,2
1574,686464,Melody Danielle Rice,1
1575,67968,Patricia Wymer,0
1576,518762,Frédérique Dansereau,0
1577,584545,Alesandra Assante,1
1578,822489,Tierra Abbott,1
1579,766394,Niamh O'Donnell,0
1580,784876,Hannah Aniela,1
1581,15413,Christina Applegate,1
1582,393318,,
1583,453296,Daphne Zuniga,1
1584,430332,,
1585,479934,Dora Madison,1
1586,67966,Luanne Roberts,1
1587,376134,Jason Segel,2
1588,41682,Georges Corraface,2
1589,1373,Stephen Fry,2
1590,473491,,
1591,367975,Alexa Castillo,0
1592,93458,Pierce Brosnan,2
1593,54400,David Blair,0
1594,247334,Renn Reed,0
1595,448870,,
1596,608473,,
1597,604171,Marvin Payne,0
1598,655720,,
1599,732350,Justin R. Durban,2
1600,54901,Fiore Tedesco,0
1601,48521,,
1602,300061,,
1603,469673,,
1604,630787,,
1605,194710,Alvaro Costa,0
1606,276087,Matt Farah,0
1607,631997,Kippei Shiina,2
1608,517909,Meryl Streep,1
1609,259284,Carol Burnett,1
1610,374504,Eliza Taylor,1
1611,589023,Rodney Hyden,0
1612,656603,Will Ferrell,2
1613,509903,Bo Butterworth,0
1614,199928,Jared Leto,2
1615,241765,Jason Patric,2
1616,63502,Tim Daly,2
1617,186682,Tony Curtis,2
1618,147264,Woody Allen,2
1619,605347,Jon Foo,2
1620,377242,George Sanders,2
1621,85726,Craig Wasson,2
1622,404193,Herb Lichtenstein,0
1623,475483,Joan Barry,1
1624,520029,,
1625,336151,Antonio Margheriti,2
1626,628079,Kola Krauze,2
1627,399695,Darren McGavin,2
1628,444052,Arden Booth,0
1629,679155,Jacqueline Logan,1
1630,505230,,
1631,696066,Midi Onodera,1
1632,698629,Grainger Hines,2
1633,506009,,
1634,571785,Lee Je-hoon,2
1635,134207,Guy L'Ecuyer,0
1636,614409,Lana Condor,1
1637,625561,Travis Scott,2
1638,660609,Mamoudou Athie,0
1639,254053,Julie Benz,1
1640,318162,,
1641,24224,Minnie Driver,1
1642,9522,Owen Wilson,2
1643,726649,Nicolas Anelka,2
1644,774372,Ariana Grande,1
1645,410199,Robbie Amell,2
1646,398137,Parker Posey,1
1647,438455,Bailey Noble,1
1648,46718,Neal McDonough,2
1649,573685,,
1650,15322,Reece Dinsdale,2
1651,241170,Chris Carter,2
1652,672035,David Arquette,2
1653,160704,Ha Jung-woo,2
1654,281014,Bobby Johnston,2
1655,339489,Manoel de Oliveira,2
1656,17238,Brian Dennehy,2
1657,535805,Danica McKellar,1
1658,341018,Ricardo Urgell,0
1659,794989,,
1660,518795,,
1661,329443,David Hedison,2
1662,75442,James Franco,2
1663,6554,Kurt Naumann,2
1664,264518,Song Yang,2
1665,632602,Esteban Berrones,0
1666,588275,Diego Calderón-Franco,0
1667,121446,Regina Alvarez,0
1668,174326,Kodi Smit-McPhee,2
1669,654299,Omar Chaparro,2
1670,442214,Darío Frías,2
1671,255811,Redd Foxx,2
1672,26425,Andy García,2
1673,21539,Denzel Washington,2
1674,502122,Elvire Emanuelle,1
1675,516825,Nyasa Bakker,0
1676,568091,Sam Worthington,2
1677,477634,April Pearson,1
1678,249109,Callum Blue,2
1679,334742,Eric Roberts,2
1680,226810,,
1681,234370,Daws Butler,2
1682,698318,,
1683,673125,Jacqueline Marie Alberto,0
1684,378624,,
1685,677159,,
1686,461081,,
1687,211618,Amy Brower,0
1688,464868,,
1689,450489,Gugu Mbatha-Raw,1
1690,658760,Lisa Vicari,1
1691,95932,Santiago Segura,2
1692,588459,Erkan Kolçak Köstendil,2
1693,236053,Kemal Sunal,2
1694,48635,Santiago Segura,2
1695,361583,Murat Akkoyunlu,0
1696,732116,,
1697,811025,Çetin Öner,0
1698,271955,Meltem Cumbul,1
1699,365934,Datin Saadiah,0
1700,533160,Shamil Suleymanov,2
1701,602899,Uğur Çavuşoğlu,0
1702,748888,Ioana Bugarin,0
1703,528305,Sinan Bengier,0
1704,657284,Yalçın Gülhan,0
1705,444940,Arbaaz Khan,2
1706,52899,Akash Bhatija,0
1707,159654,Aamir Khan,2
1708,531380,Ekin Cheng Yee-Kin,2
1709,76600,Sam Worthington,2
1710,656353,John Shepherd,0
1711,655830,Reza Rahadian,2
1712,690596,Cyntoia D. Brown,1
1713,285595,,
1714,519035,Sanaa Lathan,1
1715,560050,Cathy Ang,1
1716,626267,Jessica Lowndes,1
1717,126181,Merle Oberon,1
1718,603342,,
1719,38917,Ralph Garner,0
1720,62604,Dave Thomas,2
1721,614488,Bakary Diombera,2
1722,428612,Yance Ford,2
1723,351418,Tommy J. Michaels,0
1724,624989,Sturgill Simpson,2
1725,502166,Eben Britton,0
1726,672745,Bhisma Mulia,0
1727,433878,Bill Nye,2
1728,711715,Barry Watson,2
1729,640208,Helen Baranova,0
1730,674944,Javier Gutiérrez,2
1731,198182,Cristin Milioti,1
1732,64309,Raymond Pak-Ming Wong,2
1733,560044,Will Forte,2
1734,399361,Ben Affleck,2
1735,549599,Carles Puigdemont,2
1736,581420,Spencer Locke,1
1737,471014,Frank Grillo,2
1738,510710,Vin Diesel,2
1739,433310,Adam DeVine,2
1740,782376,Amy Linker,0
1741,617331,,
1742,342470,Elle Fanning,1
1743,615466,Auli'i Cravalho,1
1744,494092,Ashleigh Ball,1
1745,192572,Lou Taylor Pucci,2
1746,59261,Guy Laliberté,2
1747,402110,Cileste Eslar,0
1748,555016,John Rubinstein,2
1749,690118,Eileen Myles,1
1750,665251,Tatsuhisa Suzuki,2
1751,589116,Antoine Griezmann,2
1752,770922,,
1753,55294,Marcia Gay Harden,1
1754,53469,Clarence Nash,2
1755,477492,Kalabhavan Mani,2
1756,783634,Grantland Hawkins,0
1757,270612,,
1758,127741,Gary Busey,2
1759,770150,Julie Zen,0
1760,810440,,
1761,547567,Adam Carbone,0
1762,726125,,
1763,429799,Kinkini Sen,0
1764,818119,Chadwick Boseman,2
1765,601801,Abhay Deol,2
1766,35102,Serina Hayakawa,1
1767,32516,Tam Kon-Chung,2
1768,409269,Oceane Zhu,0
1769,815193,Lee Chang-Hun,2
1770,24830,Johnny Yune,2
1771,581859,Delroy Lindo,2
1772,809208,Dolly Parton,1
1773,531454,Rachel McAdams,1
1774,343674,Carla Gugino,1
1775,575774,Sope Dirisu,2
1776,32294,Cary Grant,2
1777,663592,Tallulah Bankhead,1
1778,621501,Sessue Hayakawa,2
1779,753372,Billy Quirk,2
1780,348014,Svein Sturla Hungnes,0
1781,667174,,
1782,622855,Forest Whitaker,2
1783,593280,Henry Ascher,0
1784,530154,Radhika Apte,1
1785,458576,Milla Jovovich,1
1786,813258,Brian Hull,2
1787,489932,Kelvin Harrison Jr.,2
1788,627661,Jamie Bell,2
1789,9297,Mitchel Musso,2
1790,262841,Lucas Till,2
1791,413736,Hippo Cabal,0
1792,624963,Tamara Smart,1
1793,504,Charlize Theron,1
1794,340103,Zoe Kazan,1
1795,736485,Tom Sizemore,2
1796,303858,George Clooney,2
1797,324963,Haviland Stillwell,1
1798,4379,Jennifer Lopez,1
1799,420279,Phillip Adrian Vasquez,0
1800,47533,Robbie Amell,2
1801,258230,Lewis MacDougall,2
1802,138038,Olivia Holt,1
1803,1415,Seth Green,2
1804,447113,Katy Townsend,0
1805,407436,Rohan Chand,2
1806,698432,Jorge Garcia,2
1807,430830,Hulk Hogan,2
1808,18561,Maura Tierney,1
1809,471498,Mélanie Laurent,1
1810,587756,Rohini Hattangadi,1
1811,269212,Małgorzata Braunek,1
1812,586965,,
1813,693794,,
1814,791242,,
1815,196237,,
1816,140479,Esperanza Spalding,0
1817,522611,,
1818,832218,,
1819,84442,Aleksey Filimonov,2
1820,60775,Stef Aerts,0
1821,482477,Gopichand,2
1822,516714,Gabriel Spahiu,2
1823,746769,Mariya Zykova,1
1824,47960,Nena Mendi,1
1825,218913,Taras Denisenko,0
1826,161293,Jean-Michel Jarre,2
1827,24391,Francis Rimbert,0
1828,384677,Zoey Deutch,1
1829,70586,50 Cent,2
1830,316733,Pete Smith,2
1831,675083,,
1832,478270,Anthony Wong,2
1833,562200,Vincent Wan Yeung-Ming,2
1834,79322,Christy Chung Lai-Tai,1
1835,197013,Billy Zane,2
1836,744952,Ben Lewis,2
1837,17218,Robert Ryan,2
1838,665867,Adesua Etomi-Wellington,0
1839,315305,Maurice Denham,2
1840,835835,,
1841,719232,Park Soo-yeon,1
1842,688421,,
1843,145410,,
1844,657047,,
1845,130377,Helene Chadwick,1
1846,695678,Keshia Knight Pulliam,1
1847,9618,Sylvester Stallone,2
1848,432789,Jessica Williams,1
1849,544415,Tzi Ma,2
1850,412209,Callum Turner,2
1851,455024,,
1852,528491,Jack Cruz,2
1853,578908,Eric André,2
1854,744096,Maya Dagher,0
1855,281165,,
1856,321946,,
1857,492192,Tom Audenaert,2
1858,672746,Jacque Arlow,0
1859,812979,Isaac Nevrla,0
1860,464311,,
1861,488400,,
1862,30413,Ethan Suplee,2
1863,35250,Johnny Barker,2
1864,18785,Bradley Cooper,2
1865,109439,Bradley Cooper,2
1866,45243,Bradley Cooper,2
1867,405774,Sandra Bullock,1
1868,724583,Sandra Bullock,1
1869,805320,,
1870,714338,Tripti Dimri,1
1871,778730,Álvaro Cervantes,2
1872,535356,Natalia de Molina,1
1873,58058,Vanessa Paradis,1
1874,191312,Ana Turpin,0
1875,110207,Aina Clotet,1
1876,114337,Fernando Rey,2
1877,128177,Sherlyn,1
1878,436587,Mariah Bonner,1
1879,437692,,
1880,3515,Clive Owen,2
1881,390782,Steve Aoki,0
1882,500840,Jessie Buckley,1
1883,636709,Wynn Handman,2
1884,798022,Nicholas Dapolito,2
1885,342806,,
1886,775609,,
1887,170992,Bismillah Khan,0
1888,728133,Suvinder Pal Vicky,0
1889,288161,,
1890,360258,Emma de Caunes,1
1891,39529,Dave Robinson,0
1892,126402,Mary Chapelle,0
1893,687084,Lewis Stone,2
1894,524198,Robert Plant,2
1895,838396,Tantoo Cardinal,1
1896,312379,,
1897,318700,,
1898,39418,David Gilmour,2
1899,160950,,
1900,48351,,
1901,554116,Topper Headon,0
1902,522393,,
1903,553648,Darryl McDaniels,2
1904,752939,Shawn Mendes,2
1905,581389,Song Joong-ki,2
1906,520370,Paris Hilton,1
1907,468362,Marwan Kenzari,2
1908,609418,Noeleen Comiskey,0
1909,55702,Keith Carradine,2
1910,103711,Fred MacMurray,2
1911,139916,Ava Gardner,1
1912,746466,Jill Wagner,1
1913,57047,Jeremy Irons,2
1914,413890,Christina Hendricks,1
1915,271561,Curd Jürgens,2
1916,165913,Mercedes Quadros,0
1917,254877,Eileen Herlie,1
1918,480531,Pilou Asbæk,2
1919,158262,Zero Mostel,2
1920,131102,Diana Scarwid,1
1921,21804,Dave Gahan,2
1922,210051,Layton Warhurst,0
1923,120977,Fredric March,2
1924,33695,Christopher McDonald,2
1925,301833,Antonio Moreno,2
1926,14634,Ellen Burstyn,1
1927,632618,Cecilia Roth,1
1928,479034,Hiroshi Abe,2
1929,465003,Chris Evans,2
1930,779201,Nancy Kulik,1
1931,667520,Mirai Shida,1
1932,278611,,
1933,802403,Konkona Sen Sharma,1
1934,763568,Michael J. Woodard,0
1935,621753,Larissa Anderson,0
1936,422128,Quinn Shephard,1
1937,14347,Michael Caine,2
1938,662903,Gillian Wallace Horvat,1
1939,69485,Damian de Montemas,2
1940,672040,Jordan Tweddle,2
1941,53964,Mae Questel,1
1942,466166,Kristin Anderson,0
1943,804597,,
1944,34151,Dudley Moore,2
1945,409421,Takahiro Sakurai,2
1946,838436,,
1947,176117,,
1948,628315,,
1949,432749,Veronica Hurst,0
1950,72940,Les Claypool,2
1951,553678,Kevin J. O'Connor,2
1952,613579,,
1953,670322,,
1954,215278,Nick Mancuso,2
1955,145131,Ozzy Osbourne,2
1956,671295,Jimmy Gonzales,2
1957,462104,,
1958,157771,Danny Trejo,2
1959,613068,Leon Errol,2
1960,427921,Bobby Cassidy,0
1961,776142,Carl Hart,0
1962,545609,Chris Hemsworth,2
1963,326425,Bruce Willis,2
1964,218381,Jon Foo,2
1965,307168,Jeremy Ninaber,2
1966,274285,Eric Roberts,2
1967,832711,Ben Spooner,0
1968,704882,Alice Braga,1
1969,446616,,
1970,452182,,
1971,697843,Chris Hemsworth,2
1972,619266,,
1973,674658,,
1974,234458,,
1975,389145,David Jason,2
1976,845844,Tara London,1
1977,480042,Sylvester Stallone,2
1978,674919,,
1979,97605,Sasha Roiz,2
1980,653747,Denzel Washington,2
1981,520797,,
1982,592984,Amy Adams,1
1983,253154,John Boyega,2
1984,755339,Leandro Hassum,2
1985,587385,Hiyori Kon,0
1986,722913,Zendaya,1
1987,1883,Denzel Washington,2
1988,28685,Colin Friels,2
1989,46898,James Earl Jones,2
1990,55736,John Neville,2
1991,460025,,
1992,114002,Malcolm McDowell,2
1993,199595,Adrianne Allen,1
1994,383844,Mark Addy,2
1995,265089,Malcolm Himschoot,0
1996,82921,John Hurt,2
1997,271003,,
1998,501560,Betty Shabazz,0
1999,749141,Frank Harper,2
2000,556255,,
2001,578010,Malcolm Arnold,2
2002,591372,Malcolm X,2
2003,467200,,
2004,568933,,
2005,149348,Richard Burton,2
2006,430780,Michael Bolton,2
2007,583689,Hadley Robinson,1
2008,185359,,
2009,837583,Natasha Brown,0
2010,511332,,
2011,606523,Uhm Tae-goo,2
2012,137586,Merle Oberon,1
2013,440184,Renée Taylor,1
2014,785534,Çağatay Ulusoy,2
2015,587910,Constantino 'Tino' Fernández,0
2016,353571,Elliot Page,3
2017,547016,Charlize Theron,1
2018,403265,Charles Kent,2
2019,561001,William Bechtel,2
2020,33362,Jean Gabin,2
2021,376426,Tony Robbins,2
2022,639411,Priyanshu Painyuli,2
2023,318597,Vladimir Skrbinšek,0
2024,474354,Jonas Strand Gravli,0
2025,500006,Andrea Berntzen,1
2026,691076,James Hetfield,2
2027,730563,James Hetfield,2
2028,423093,Paco León,2
2029,164300,Roberto Palazuelos,2
2030,329386,,
2031,351809,Luis Tosar,2
2032,514575,Antonio de la Torre,2
2033,180418,Maribel Verdú,1
2034,104846,Mark Kermode,2
2035,423617,Paloma Domínguez,0
2036,300710,Sonia Blanca,0
2037,710346,Makino Maria,0
2038,337302,Chong Wang,2
2039,421057,Sylvester Stallone,2
2040,107614,Rafael Rivelles,2
2041,228302,Jérémie Quaegebeur,2
2042,22500,Catherine Chevallier,1
2043,190806,Isana Medel,1
2044,181508,Dave Hoffman,0
2045,11675,Jamie Lee Curtis,1
2046,522686,,
2047,822213,Miguel Diosdado,0
2048,391710,Will Forte,2
2049,675598,Juan Manuel Fangio,0
2050,631344,Brittany Hudson,1
2051,595399,Hao Wu,0
2052,513576,Ali Wong,1
2053,384487,Arci Muñoz,1
2054,699280,Michelle Obama,1
2055,2977,Anne Hathaway,1
2056,526052,Toby Kebbell,2
2057,438493,George Lazenby,2
2058,509766,,
2059,381663,Simon Atherton,0
2060,438137,Warren Buffett,2
2061,96495,Chaz Bono,2
2062,376515,Mike Nichols,2
2063,580372,Alan Cumming,2
2064,81484,Jack Sanderson,0
2065,602231,Tiffany Smith,1
2066,223370,Mathilda May,1
2067,626013,Ram Dass,2
2068,511613,Shiva Negar,1
2069,140471,Ryan Grantham,2
2070,367541,Michael Gross,2
2071,354100,Vanessa Halby,0
2072,782965,Maitlyn Pezzo,1
2073,456659,Devanny Pinn,1
2074,474051,Jack Lowden,2
2075,97075,Eulalio González,2
2076,124440,Dan Alvero,0
2077,567886,Tony Vieira,0
2078,386076,Bob Steele,2
2079,815622,,
2080,261467,Jack Perrin,2
2081,679304,,
2082,841071,,
2083,772089,,
2084,40022,Gastone Moschin,2
2085,14062,Milla Jovovich,1
2086,105906,Luc Merenda,2
2087,190896,Frank Borzage,2
2088,332585,,
2089,84394,Laurent Collombert,2
2090,128333,Peter Lee Lawrence,2
2091,260963,Danièle Lebrun,1
2092,15477,Gil Bellows,2
2093,58028,Donald Sutherland,2
2094,773655,Samuel L. Jackson,2
2095,739246,Gims,2
2096,673175,Nick Offerman,2
2097,475345,,
2098,511791,Myrtle Cagle,0
2099,483010,Robert Reich,2
2100,743382,Nawazuddin Siddiqui,2
2101,597156,Jim Parsons,2
2102,34377,Kenneth Nelson,2
2103,748807,Mart Crowley,2
2104,748807,Mart Crowley,2
2105,667869,Sophia Loren,1
2106,299782,John Huston,2
2107,352322,,
2108,683540,,
2109,176295,,
2110,602277,Leatrice Joy,1
2111,671364,Janet Gaynor,1
2112,489354,,
2113,401104,Lily Collins,1
2114,20761,Antonio Banderas,2
2115,40876,Vera Farmiga,1
2116,266006,Kristy Swanson,1
2117,837661,Federico Alcini,2
2118,763950,Steven Wilson,2
2119,24318,Kazuhiro Hamanaka,0
2120,394318,David Coverdale,2
2121,531785,Jacqueline Lovell,1
2122,659058,Mike Fleiss,2
2123,470383,Steven Wilson,2
2124,703253,Usé,0
2125,121967,Bruno Bichir,2
2126,493036,Hans Marquardt,0
2127,458010,Rikiya Yasuoka,2
2128,9481,Denzel Washington,2
2129,613099,Marta Etura,1
2130,47626,Jay Baruchel,2
2131,22451,Scott Bairstow,2
2132,109035,Lazar Ristovski,2
2133,782973,Tony Parker,2
2134,735919,Anil Kapoor,2
2135,334191,Tomohisa Yamashita,2
2136,234693,Emi Takei,1
2137,411009,Amanda Knox,1
2138,58105,Hayden Panettiere,1
2139,653894,Amanda Knox,1
2140,746752,Bigflo,2
2141,733823,Bigflo,2
2142,643158,,
2143,642981,,
2144,797309,The Notorious B.I.G.,2
2145,776979,Timothy Ware-Hill,2
2146,492402,Tom Berenger,2
2147,88359,Cliff Gorman,2
2148,539788,Rima Te Wiata,1
2149,758530,,
2150,343108,Lee Child,0
2151,45099,Aldo Fabrizi,2
2152,212781,Wang Chung,2
2153,26261,Chevy Chase,2
2154,577944,Luka Schlage,0
2155,275876,Ray Sharkey,2
2156,808809,Harry Faciane,0
2157,425591,Melanie Lynskey,1
2158,208654,Sun Ra,2
2159,450628,Laerte Coutinho,1
2160,614560,Gary Oldman,2
2161,313943,Lee Pace,2
2162,20423,Jim Lovell,2
2163,76788,Ajith Kumar,2
2164,312526,Joe Reegan,2
2165,609844,Iqbaal Dhiafakhri Ramadhan,2
2166,335423,Tarık Tarcan,0
2167,760006,Sašo Džukič,0
2168,105869,Edd Byrnes,2
2169,666980,Ryuugi Yokota,2
2170,666982,Kenta Mizue,0
2171,17053,Beau Ballinger,0
2172,206234,,
2173,666984,Ryuugi Yokota,2
2174,666987,Sho Jinnai,0
2175,666989,Kenta Mizue,0
2176,284321,Krister Henriksson,2
2177,221868,Krister Henriksson,2
2178,443021,Anatoliy Solonitsyn,2
2179,579235,Bruce Lee,2
2180,433252,Robert Redford,2
2181,454227,Chris Pine,2
2182,786190,Sanya Malhotra,1
2183,553539,Jimmy Cliff,2
2184,490818,Gloria Allred,1
2185,530973,Srinivas Ayyagari,0
2186,686677,Naia Cucukov,0
2187,597219,Leah Lewis,1
2188,429130,Jay Brennan,0
2189,767,Daniel Radcliffe,2
2190,311012,Bona Tibertelli de Pisis,0
2191,103863,Mervyn Johns,2
2192,495570,Indrans,2
2193,473565,Abdul Fatah Al Mozaeen,0
2194,283497,Abdul Fatah Al Mozaeen,0
2195,243062,Shijimi,1
2196,548768,Ece Tatay,0
2197,228393,Paul Lukas,2
2198,616634,Kristian Østby Brandser,0
2199,448085,Daniel Pilon,2
2200,558766,Sosuke Ikematsu,2
2201,185137,Maiko Ito,1
2202,55681,Mary Woronov,1
2203,207589,Robert Young,2
2204,200324,Douglas Fairbanks,2
2205,400502,,
2206,260039,John Derek,0
2207,500682,Kevin Costner,2
2208,519129,,
2209,72716,Waylon Jennings,2
2210,507982,Johnny Cash,2
2211,494261,Willie Nelson,2
2212,535669,Johnny Cash,2
2213,504359,,
2214,604196,Andy Samberg,2
2215,396398,Adam Sandler,2
2216,507618,Laurie Anderson,1
2217,472424,Lady Gaga,1
2218,473313,Paul Shanks,0
2219,650614,Lorena Ramirez,0
2220,630750,,
2221,615667,Viola Davis,1
2222,777306,Glynn Turman,2
2223,777306,Glynn Turman,2
2224,799555,Matthew Modine,2
2225,785976,Pelé,2
2226,245913,Kevin de Paula,0
2227,68169,Pelé,2
2228,242536,Daniela Costa,0
2229,230741,Pelé,2
2230,742408,,
2231,783404,,
2232,644996,,
2233,712153,Helena Lustosa,0
2234,655777,,
2235,472175,Diego Francisco,0
2236,529590,Pelé,2
2237,698232,Rita Carelli,1
2238,568437,,
2239,561731,,
2240,749965,,
2241,733311,,
2242,553645,Keith Richards,2
2243,601516,Rian Malan,2
2244,553644,Stephen Travers,0
2245,473545,Bobby Lane,0
2246,439059,Carlos Alazraqui,2
2247,636565,Elio Germano,0
2248,654028,Kurt Russell,2
2249,527435,Kurt Russell,2
2250,327331,Douglas Booth,2
2251,33321,Peter Billingsley,2
2252,62446,John Waters,2
2253,46547,Joel Thomas Hynes,2
2254,813236,,
2255,177349,Paul Carr,2
2256,738547,,
2257,520968,,
2258,828701,,
2259,746176,,
2260,461376,,
2261,449992,Joe Taslim,2
2262,437443,Ava DuVernay,1
2263,752455,Lucy O'Connell,1
2264,563710,Lucy O'Connell,1
2265,752455,Lucy O'Connell,1
2266,603519,Anthony Anderson,2
2267,493141,Laura Fraser,1
2268,376658,Azealia Banks,0
2269,109416,Ingeborga Dapkūnaitė,1
2270,100379,Mel Blanc,2
2271,537912,Jim Backus,2
2272,345675,Patrick Miles Widdop,0
2273,507676,Blair Socci,0
2274,208136,Sachin Bhatt,0
2275,50526,,
2276,161834,Sangeetha Chauhan,1
2277,669980,Antoine Grant,0
2278,334641,,
2279,285269,,
2280,45852,Tommy Lee Jones,2
2281,70342,Mary J. Blige,1
2282,338549,,
2283,187713,Annalee Stone,0
2284,516852,Jason Trost,2
2285,14263,,
2286,597594,Rachel Mason,1
2287,755328,Debbie Allen,1
2288,554175,Derren Brown,2
2289,538620,José Mujica,2
2290,9727,Cuba Gooding Jr.,2
2291,510258,,
2292,346126,Christian Bordeleau,2
2293,490401,,
2294,32553,Kurt Angle,0
2295,61926,,
2296,243408,,
2297,305522,J. Warren Kerrigan,0
2298,441219,,
2299,786483,,
2300,752803,Andy Lau,2
2301,72494,Jon Voight,2
2302,80274,Asa Butterfield,2
2303,446119,Katerina Gogou,1
2304,21868,Pierce Brosnan,2
2305,545556,Orlando von Einsiedel,2
2306,112755,Cindy Díaz,0
2307,53864,William Powell,2
2308,538702,Florian Teichtmeister,0
2309,688228,Natalie Paul,1
2310,641743,,
2311,556859,Edward Woodward,2
2312,818136,,
2313,42499,Anthony Steffen,2
2314,171417,Kathleen Robertson,1
2315,422891,Evelyn Hamann,1
2316,523037,Sandra Oh,1
2317,794790,Hilda Koronel,1
2318,739430,Evelyn Lambart,1
2319,114835,Nadia Litz,1
2320,574846,,
2321,149404,Patrick Stewart,2
2322,767476,,
2323,131913,Stewart Granger,2
2324,717192,Frank Lammers,2
2325,584828,Myles Clohessy,2
2326,95143,Billy Zane,2
2327,306731,Graham Fletcher-Cook,2
2328,642363,Sean Nelson Taylor,2
2329,99881,Michael Redgrave,2
2330,845476,Thierry Fortineau,0
2331,173076,David Lodge,2
2332,769633,Saoirse-Monica Jackson,1
2333,617943,Aoife Duffin,0
2334,501943,,
2335,251528,,
2336,245000,,
2337,491732,,
2338,835516,,
2339,37697,Ferry Corsten,0
2340,227581,Ferry Corsten,0
2341,85800,Curd Jürgens,2
2342,663471,Betty Grable,1
2343,96203,Gerry Marsden,2
2344,25767,Cary Grant,2
2345,589871,Snoop Dogg,2
2346,820025,,
2347,562394,George O'Hanlon,2
2348,240459,Chill Wills,2
2349,704886,,
2350,256167,Carol Burnett,1
2351,152082,Anna Loos,1
2352,752618,Guillermo Vilas,0
2353,433084,Joshua Wong,2
2354,360341,Keith Richards,2
2355,565312,Alexandria Ocasio-Cortez,1
2356,561556,Loudon Wainwright III,2
2357,381071,Lotje Sodderland,1
2358,474569,Etty,0
2359,446867,Christa B. Allen,1
2360,576684,Paul Basagoitia,0
2361,462849,Naomi Grossman,1
2362,735088,Nakia Burrise,1
2363,301652,,
2364,835389,,
2365,627562,Björn Månsson,0
2366,658777,Cornelia Gröschel,1
2367,361721,Jack Hofer,0
2368,49582,Georgiy Yumatov,2
2369,31927,Alon Aboutboul,2
2370,79313,Sasha Andres,0
2371,782494,,
2372,733485,,
2373,502862,Bahram Radan,0
2374,512080,Thomas De Pourquery,2
2375,292244,Brigitte Helm,1
2376,448034,Luís Miguel Cintra,2
2377,776732,Steve Laplante,2
2378,641662,Vanessa Kirby,1
2379,491104,Ram Dass,2
2380,553649,Johnny Cash,2
2381,753272,,
2382,499932,Tom Holland,2
2383,532865,Carey Mulligan,1
2384,519316,Moe Dunford,2
2385,487287,Taylor Kitsch,2
2386,796571,Sam Storey,0
2387,611640,John Adams,2
2388,339177,Kirill Pirogov,2
2389,52069,Shraga Friedman,0
2390,451196,Brent Bratton,2
2391,595643,Guillermo del Toro,2
2392,141010,Craig Hill,2
2393,401653,,
2394,467933,Chris Warren,2
2395,824426,,
2396,148870,,
2397,643312,Joshua Bitton,2
2398,398018,David Lam Wai,2
2399,702724,Joseph Gallegos,0
2400,764163,Zi Wang,0
2401,204772,Schnele Wilson,0
2402,695382,,
2403,566222,Brittany Kaiser,0
2404,628534,Adarsh Gourav,2
2405,631081,Marcio Catalano,0
2406,767190,,
2407,732803,Teddy Purba,0
2408,354970,,
2409,671662,Hideo Murata,2
2410,728955,Wen Dongjun,2
2411,382830,Raizō Ichikawa,2
2412,466282,Lana Condor,1
2413,614409,Lana Condor,1
2414,565426,Lana Condor,1
2415,743601,Nickole Atkinson,0
2416,376228,Daisy Coleman,1
2417,689991,Audrys Juozas Bačkis,0
2418,433247,Sareum Srey Moch,0
2419,567860,Billy McFarland,2
2420,360029,Werner Herzog,2
2421,688848,Estevan Oriol,2
2422,492184,Deepika Kumari,0
2423,173901,Christine Pai Lu-ming,0
2424,573186,,
2425,525017,Jennifer Aniston,1
2426,318880,,
2427,365395,Becky Hobbs,1
2428,690443,Aunjanue Ellis,1
2429,695336,,
2430,154777,Lillian Ellison,1
2431,533451,Eddie Constantine,2
2432,505175,Vicky Kaushal,2
2433,525183,Mark Duplass,2
2434,458342,Kathryn Hahn,1
2435,5185,Robert Stephens,2
2436,43122,Charles Laughton,2
2437,39137,David Attenborough,2
2438,468291,Sienna Miller,1
2439,38719,Douglas Fairbanks,2
2440,179443,Jana Carpenter,0
2441,651461,,
2442,576779,Lupino Lane,2
2443,122479,Maya Deren,1
2444,503366,Billie Dove,1
2445,832315,,
2446,779489,,
2447,535770,Adolphe Menjou,2
2448,351361,Burkhard Driest,2
2449,585525,Kyle Ross,2
2450,483988,,
2451,676173,,
2452,218413,Lewis Stone,2
2453,313045,,
2454,376660,Hailee Steinfeld,1
2455,4927,Chris Stafford,2
2456,14874,Elijah Wood,2
2457,52051,Tia Mowry,1
2458,15007,Leon M. Lion,2
2459,220733,Dedee Pfeiffer,1
2460,494264,,
2461,176208,Jackie Cooper,2
2462,148126,Ellen ten Damme,1
2463,97887,,
2464,727059,Louise Huff,1
2465,507600,,
2466,681093,Christien Anholt,2
2467,672733,Joy Yunus,0
2468,383956,Matthew Tremont,2
2469,765109,,
2470,789573,Choi Seung-cheol,2
2471,11292,Jana Petersen,1
2472,310854,,
2473,508875,Danielle Ward,1
2474,27769,Tim Matheson,2
2475,595671,Sidney Flanigan,1
2476,467895,Susie Abromeit,1
2477,16374,Idris Elba,2
2478,27770,Michael Gross,2
2479,27771,Clayton Rohner,2
2480,40083,Paul Newman,2
2481,542714,Bill Nighy,2
2482,528390,Tasha Ames,1
2483,291512,Stanley Maupin,0
2484,769366,Louis Crevier,0
2485,738353,Jenni Olson,1
2486,467914,Ewan McGregor,2
2487,539036,Geetika Vidya Ohlyan,0
2488,454626,Ben Schwartz,2
2489,675353,Ben Schwartz,2
2490,624956,Jaleel White,2
2491,444000,Mrunal Thakur,1
2492,87442,Jaleel White,2
2493,57982,Jun'ichi Kanemaru,2
2494,370213,Sonita Alizadeh,1
2495,197764,,
2496,284866,Doryan Nelson,0
2497,16355,Masami Kikuchi,2
2498,837629,Jason Griffith,2
2499,292030,James Russo,2
2500,398430,Rachel McAdams,1
2501,300568,Ahmed Helmy,2
2502,74662,"Antonio Sabàto, Jr.",2
2503,344471,Sonia Wieder-Atherton,0
2504,810656,,
2505,48860,Brooke Hayward,1
2506,452607,,
2507,620897,Radha Blank,1
2508,6957,Steve Carell,2
2509,728116,Aditya Modak,0
2510,96311,Marisa Berenson,1
2511,388443,William S. Hart,2
2512,78078,Burt Lancaster,2
2513,120358,Patrick Stewart,2
2514,669969,Nina Brewton,1
2515,540306,Roni Jonah,0
2516,218850,Erik Enge,2
2517,620465,,
2518,266122,,
2519,343456,Károly Eperjes,0
2520,551287,,
2521,220785,Ice-T,2
2522,832383,Steven Van Zandt,2
2523,804264,,
2524,607033,Benni Quintero,0
2525,41741,Courtney Gains,2
2526,591156,Steven Van Zandt,2
2527,789931,,
2528,484383,Il Kim,0
2529,566221,Dilma Rousseff,1
2530,504949,Timothée Chalamet,2
2531,8587,Matthew Broderick,2
2532,579583,Pete Davidson,2
2533,11238,Scott Weinger,2
2534,420818,Chiwetel Ejiofor,2
2535,16520,Deborah Kerr,1
2536,44571,Sean Faris,2
2537,476669,Harris Dickinson,2
2538,122,Elijah Wood,2
2539,1439,Jodie Foster,1
2540,253980,Ben Kingsley,2
2541,11430,Nathan Lane,2
2542,301355,Chadwick Boseman,2
2543,452226,Alec Baldwin,2
2544,9732,Matthew Broderick,2
2545,47288,Miranda Richardson,1
2546,270010,Tom Hanks,2
2547,1361,Orson Bean,2
2548,262,Robert De Niro,2
2549,9334,Dwayne Johnson,2
2550,334517,Jamie Dornan,2
2551,507389,Zion Clark,0
2552,166662,Todd Barnett,0
2553,14631,Sam Hennings,2
2554,333221,,
2555,170744,Temuera Morrison,2
2556,33241,Marc Levin,2
2557,82800,Reuven Badalov,0
2558,265093,,
2559,658330,,
2560,591615,,
2561,346873,Steven L. Anderson,2
2562,785448,Lennox Brown,2
2563,564340,Henrik Harlaut,2
2564,274869,,
2565,810535,Donisha Rita Claire Prendergast,1
2566,788314,,
2567,428279,,
2568,528888,Eddie Murphy,2
2569,559969,Aaron Paul,2
2570,683021,Charles Baker,2
2571,393443,Monica Bhargava,0
2572,461496,David O'Hara,2
2573,45124,Sébastien Roch,2
2574,568526,Sophie Duez,1
2575,482783,Sean Biggerstaff,2
2576,424303,Francis Cabrel,2
2577,817212,,
2578,505173,Semyon Treskunov,2
2579,625563,Akbar Abdi,2
2580,461219,Saori Koide,1
2581,574931,,
2582,579793,Heiko Graul,0
2583,86522,Louis Theroux,2
2584,15074,Devon Sawa,2
2585,813980,Richard Wolstencroft,2
2586,282845,,
2587,695476,Brian Eisch,0
2588,448448,Roger Stone,2
2589,582927,Juan Daniel Garcia Treviño,2
2590,760880,,
2591,835452,Dodo Abashidze,2
2592,653735,Walter Mercado,2
2593,726940,Simon Greenall,2
2594,765684,Simon Greenall,2
2595,752885,Simon Greenall,2
2596,139709,,
2597,163760,,
2598,387426,Ahn Seo-hyun,1
2599,538362,Alessandro Borghi,2
2600,1836,Marina de Van,1
2601,386696,Merlin Rose,2
2602,641842,Teresa Ciha,0
2603,542423,Ezra Mabengeza,0
2604,311770,Rebecka Josephson,1
2605,515916,Victor Polster,2
2606,367389,Sophie Ludwig,0
2607,567038,Gabrielle Creevy,0
2608,750534,Toni Venturi,0
2609,27001,John Garfield,2
2610,450166,Ivan Franěk,2
2611,619653,Mario Bellatin,0
2612,573562,,
2613,475214,Damson Idris,2
2614,177198,Rita Loureiro,0
2615,655752,,
2616,643551,,
2617,610396,Jake Keys,0
2618,206633,Mike Marshall,2
2619,589615,Nawazuddin Siddiqui,2
2620,553651,Víctor Jara,2
2621,553646,Sam Cooke,2
2622,753583,,
2623,651166,,
2624,376389,Cai Guo-Qiang,0
2625,390520,Dave Schultz,2
2626,537996,Tim Blake Nelson,2
2627,448444,Marsha P. Johnson,0
2628,318121,Paul Rudd,2
2629,261039,Bob Weir,2
2630,565716,Junming 'Jimmy' Wang,0
2631,628756,Barack Obama,2
2632,731095,,
2633,483210,"Clyde Hooker, Jr.",0
2634,634754,,
2635,242807,Élodie Bouchez,1
2636,459992,Charlize Theron,1
2637,477331,Juan Catalan,0
2638,52332,Julie Benz,1
2639,143220,Hossain Sabzian,0
2640,520870,,
2641,334902,Gordon Jones,2
2642,396042,Charles Gormley,2
2643,569962,Mark Huberman,2
2644,795395,,
2645,139704,,
2646,756972,,
2647,838073,,
2648,83425,Hilla Becher,0
2649,323048,Leif Garrett,2
2650,323730,Lucas Doméjean,0
2651,430974,,
2652,653567,Taylor Swift,1
2653,524288,Arunachalam Muruganatham,0
2654,768410,Shawn Mendes,2
2655,489994,Sandi Tan,1
2656,519374,,
2657,606215,Clarence Avant,0
2658,80755,Rod Perry,2
2659,651724,Martin Scorsese,2
2660,720748,Max Park,0
2661,538002,Orson Welles,2
2662,318225,Tig Notaro,1
2663,324281,Tig Notaro,1
2664,521512,Tig Notaro,1
2665,584180,,
2666,355177,Tig Notaro,1
2667,528643,Tig Notaro,1
2668,628534,Adarsh Gourav,2
2669,818367,Otmara Marrero,1
2670,10846,Roberto Benigni,2
2671,85985,Salman Khan,2
2672,10687,Colin Farrell,2
2673,263341,Michelle Yeoh,1
2674,146,Chow Yun-Fat,2
2675,15655,Jim Cummings,2
2676,1371,Sylvester Stallone,2
2677,652837,Taishi Nakagawa,2
2678,341077,Kaya Scodelario,1
2679,793269,Dennis Quaid,2
2680,77495,Luis Tosar,2
2681,71041,Debra Paget,1
2682,485157,Barbra Streisand,1
2683,740996,Lisa,1
2684,47821,Patrick Swayze,2
2685,450005,Christine Schuler-Deschryver,0
2686,653574,Michael Hilow,0
2687,593691,Beyoncé,1
2688,472983,Jhonen Vasquez,2
2689,473408,Joan Didion,1
2690,86705,John Mulaney,2
2691,650073,John Mulaney,2
2692,367735,John Mulaney,2
2693,520594,John Mulaney,2
2694,824087,John Mulaney,2
2695,744338,John Mulaney,2
2696,545634,Donna Howard,0
2697,416211,Khalid Farah,0
2698,684700,Maggie Nichols,0
2699,502575,Eadweard Muybridge,2
2700,717436,Josephine Starte,1
2701,104852,,
2702,147196,Rasselas Lakew,0
2703,598570,Joe Nakamura,2
2704,409699,Krzysztof Majchrzak,2
2705,344201,Emil Artur Longen,2
2706,188368,,
2707,33331,Jan-Michael Vincent,2
2708,801313,Momo Kasuga,0
2709,238203,Shūji Sano,2
2710,617534,,
2711,778159,,
2712,551547,LeBron James,2
2713,44995,,
2714,389438,Elsa Zara,0
2715,325418,,
2716,733066,Asta Nielsen,1
2717,606715,,
2718,349138,Kamalika Banerjee,1
2719,718697,Breshna Khan,0
2720,717681,Ralf Zillmann,2
2721,342319,Lea Blaaberg,0
2722,783275,,
2723,591364,Ludo Mich,2
2724,824055,,
2725,658412,Abhishek Bachchan,2
2726,205596,Benedict Cumberbatch,2
2727,79522,Mathias Coppens,2
2728,26226,Peter Ludolf,2
2729,534072,Katrina Bowden,1
2730,267722,Ludovico Einaudi,2
2731,574725,,
2732,558016,,
2733,754729,,
2734,231160,Shaheen Khan,1
2735,412980,Sonja Ball,0
2736,511499,,
2737,420776,Małgorzata Wachecka,0
2738,504561,Quincy Jones,2
2739,567565,Quincy Jones,2
2740,217410,Tommy Steele,2
2741,470985,,
2742,683966,,
2743,399932,Quincy Jones,2
2744,645767,Quincy Jones,2
2745,51988,Quincy Jones,2
2746,586988,Quincy Jones,2
2747,310019,Quincy Jones,2
2748,617323,,
2749,79538,Quincy Jones,2
2750,324062,Quincy Jones,2
2751,410177,Quincy Jones,2
2752,400618,John Berger,2
2753,681713,Quincy Jones,2
2754,177457,Miles Davis,2
2755,43269,George Sanders,2
2756,627070,Alex Lewis,0
2757,326946,,
2758,511815,Robert Bridges,0
2759,472976,Alex Duncan,1
2760,656690,Skyler Gisondo,2
2761,551332,Anthony Hopkins,2
2762,318044,Nina Simone,1
2763,671909,Achintya Bose,0
2764,610120,Thom Yorke,2
2765,42768,Vittorio Gassman,2
2766,54220,,
2767,831676,,
2768,602456,,
2769,211978,Pablo Stelardo,0
2770,266809,Henry Nixon,2
2771,368969,George Bartenieff,2
2772,673132,,
2773,664390,,
2774,763552,,
2775,775037,,
2776,752609,,
2777,416185,Ana de Armas,1
2778,696199,Gabriel Canella,2
2779,47505,Iain Glen,2
2780,225115,Vittorio Gassman,2
2781,241886,Omar Khalid Butt,2
2782,650042,,
2783,691597,Žana Gončiar,0
2784,283587,Abraham Attah,2
2785,704588,,
2786,596204,Brené Brown,1
2787,653725,Larry Allison,0
2788,718831,Jim Jefferies,2
2789,1628,Jeanne Moreau,1
2790,746753,,
2791,616180,Henning Baum,2
2792,289333,Jim Jefferies,2
2793,7301,Casey Affleck,2
2794,404022,Jim Jefferies,2
2795,49505,Jim Jefferies,2
2796,101449,Jim Gaffigan,2
2797,11387,Peter O'Toole,2
2798,422742,Henning Baum,2
2799,32946,Jim Jefferies,2
2800,43522,Errol Flynn,2
2801,323656,Craig Roberts,2
2802,24665,Jim Carrey,2
2803,432959,Jim Gaffigan,2
2804,263111,Jim Gaffigan,2
2805,48643,Sam Rockwell,2
2806,31981,Jim Jefferies,2
2807,146837,Jim Jefferies,2
2808,408619,Justin Timberlake,2
2809,649368,Alfonso Cuarón,2
2810,316221,Ramon Novarro,2
2811,426426,Yalitza Aparicio,1
2812,11035,Peter Gonzales Falcon,2
2813,48650,Elena Anaya,1
2814,307,Aldo Fabrizi,2
2815,137548,Luca Argentero,2
2816,47796,Anna Magnani,1
2817,649368,Alfonso Cuarón,2
2818,43432,Juan Diego Botto,2
2819,43294,Alberto Sordi,2
2820,63072,Eduardo De Filippo,2
2821,295388,John Drew Barrymore,2
2822,158693,Carla Del Poggio,1
2823,52808,Maurizio Merli,2
2824,96460,Maurizio Merli,2
2825,108535,Nino Manfredi,2
2826,58089,Fulvio Ceselli,0
2827,289130,Robert Gligorov,0
2828,308803,Daniele Blando,0
2829,330159,Lang Jeffries,2
2830,76575,Vittorio Gassman,2
2831,713776,,
2832,398978,Robert De Niro,2
2833,51209,Ray Stevenson,2
2834,651724,Martin Scorsese,2
2835,768378,Martin Scorsese,2
2836,255839,Michael Craig,2
2837,86293,John DiMaggio,2
2838,99595,Douglas Corrigan,2
2839,707828,Martin Scorsese,2
2840,556984,Yahya Abdul-Mateen II,2
2841,257600,Peter Boyle,2
2842,687156,Terry Donahue,1
2843,12114,Manfred Krug,2
2844,133573,Yoo Ji-tae,2
2845,359368,Kim Min-ki,2
2846,504891,Jin Si-ah,1
2847,469064,Korawit Boonsri,2
2848,150037,Dolores del Río,1
2849,176147,Kostja Ullmann,2
2850,202516,Brigitte Lin,1
2851,609387,Jack Curtis,0
2852,423254,Charles Dance,2
2853,393853,Lucienne Bruinooge,0
2854,733203,,
2855,338875,Adriana Altaras,1
2856,796999,Sally Horowitz,0
2857,456081,,
2858,291743,,
2859,306088,,
2860,432976,Bryan Fogel,2
2861,35402,Dolph Lundgren,2
2862,486954,Julia Farino,1
2863,511187,,
2864,145593,Kyle Kinane,2
2865,351403,,
2866,626275,,
2867,608834,,
2868,721019,Tushar Menon,0
2869,818574,Nicholas Stribakos,0
2870,100796,,
2871,814025,,
2872,835171,,
2873,704526,,
2874,243230,James Whitmore,2
2875,513503,,
2876,704804,A.I,0
2877,297713,,
2878,517111,Charlotte Cardamone,0
2879,398347,,
2880,492188,Adam Driver,2
2881,743770,Jessica Dunn Rovinelli,1
2882,683082,Fraidy Reiss,0
2883,668735,Noah Baumbach,2
2884,271794,Choi Min-soo,2
2885,460560,Michaela Katráková,0
2886,349519,Shim Hye-jin,1
2887,411023,Ofir Drori,2
2888,432615,Andrew Ackerman,0
2889,682110,Craig Foster,2
2890,726887,Bebe Vio,1
2891,447880,Mike Pinder,0
2892,13207,Jared Padalecki,2
2893,4488,Betsy Palmer,1
2894,407806,Jelani Cobb,2
2895,9730,Dana Kimmell,1
2896,1911,Antonio Banderas,2
2897,9725,Adrienne King,1
2898,9728,Dana Kimmell,1
2899,9731,Melanie Kinnaman,1
2900,10225,Thom Mathews,2
2901,10281,Kane Hodder,2
2902,10283,Jensen Daggett,1
2903,560066,Frank Welker,2
2904,222724,Emma Jacobs,1
2905,29922,Cliff Robertson,2
2906,259543,Barry Onody,2
2907,115666,Michele Greene,1
2908,261179,Waylon Reavis,0
2909,328274,Jamin Pugh,2
2910,241670,Weldon Heyburn,2
2911,15004,Diane Almeida,1
2912,653610,Laverne Cox,1
2913,508965,Jason Schwartzman,2
2914,9677,Konstantin Graudus,2
2915,70762,Klaus Voormann,2
2916,372556,,
2917,578124,Klaus Eckel,2
2918,390456,Klaus Rifbjerg,0
2919,773701,Monica Keena,1
2920,471535,David Ortíz,0
2921,756629,,
2922,761941,,
2923,41954,Klaus Barbie,2
2924,266765,Klaus Schulze,2
2925,645510,,
2926,774740,Klaus Beyer,2
2927,636321,,
2928,238258,Fred Düren,0
2929,745580,Klaus Eckel,2
2930,283745,Robert Graf,2
2931,746424,Klaus Eckel,2
2932,789638,,
2933,801058,Ali Tabrizi,2
2934,753230,Juan Manuel Fraire Escobedo,0
2935,474433,Jon Alpert,2
2936,634541,Stephen Fry,2
2937,699210,Ben Platt,2
2938,568332,Taylor Swift,1
2939,355020,Cissy Jones,0
2940,563708,Bruce Springsteen,2
2941,765613,Emicida,2
2942,664280,David Attenborough,2
